date,movies,songs
20060101,"[""Zinda, https://en.wikipedia.org/wiki/Zinda_(film)"", ""Family, https://en.wikipedia.org/wiki/Family_(2006_film)""]","[""Ye hai meri Kahani, https://www.youtube.com/watch?v=qhHL-EOIqqQ"", ""Zinda Hoon Main, https://www.youtube.com/watch?v=Y1K2qCsuYbY"", ""Qatra Qatra, https://www.youtube.com/watch?v=673AhfDrP7I"", ""Pyyar Bina, https://www.youtube.com/watch?v=D21_hppNqqg"", ""Jeene Do, https://youtu.be/vGqHBhBdCeA""]"
20060102,"[""Zinda, https://en.wikipedia.org/wiki/Zinda_(film)"", ""Family, https://en.wikipedia.org/wiki/Family_(2006_film)""]","[""Ye hai meri Kahani, https://www.youtube.com/watch?v=qhHL-EOIqqQ"", ""Zinda Hoon Main, https://www.youtube.com/watch?v=Y1K2qCsuYbY"", ""Qatra Qatra, https://www.youtube.com/watch?v=673AhfDrP7I"", ""Pyyar Bina, https://www.youtube.com/watch?v=D21_hppNqqg"", ""Jeene Do, https://youtu.be/vGqHBhBdCeA""]"
20060103,"[""Zinda, https://en.wikipedia.org/wiki/Zinda_(film)"", ""Family, https://en.wikipedia.org/wiki/Family_(2006_film)""]","[""Ye hai meri Kahani, https://www.youtube.com/watch?v=qhHL-EOIqqQ"", ""Zinda Hoon Main, https://www.youtube.com/watch?v=Y1K2qCsuYbY"", ""Qatra Qatra, https://www.youtube.com/watch?v=673AhfDrP7I"", ""Pyyar Bina, https://www.youtube.com/watch?v=D21_hppNqqg"", ""Jeene Do, https://youtu.be/vGqHBhBdCeA""]"
20060104,"[""Zinda, https://en.wikipedia.org/wiki/Zinda_(film)"", ""Family, https://en.wikipedia.org/wiki/Family_(2006_film)""]","[""Ye hai meri Kahani, https://www.youtube.com/watch?v=qhHL-EOIqqQ"", ""Zinda Hoon Main, https://www.youtube.com/watch?v=Y1K2qCsuYbY"", ""Qatra Qatra, https://www.youtube.com/watch?v=673AhfDrP7I"", ""Pyyar Bina, https://www.youtube.com/watch?v=D21_hppNqqg"", ""Jeene Do, https://youtu.be/vGqHBhBdCeA""]"
20060105,"[""Zinda, https://en.wikipedia.org/wiki/Zinda_(film)"", ""Family, https://en.wikipedia.org/wiki/Family_(2006_film)""]","[""Ye hai meri Kahani, https://www.youtube.com/watch?v=qhHL-EOIqqQ"", ""Zinda Hoon Main, https://www.youtube.com/watch?v=Y1K2qCsuYbY"", ""Qatra Qatra, https://www.youtube.com/watch?v=673AhfDrP7I"", ""Pyyar Bina, https://www.youtube.com/watch?v=D21_hppNqqg"", ""Jeene Do, https://youtu.be/vGqHBhBdCeA""]"
20060106,"[""Zinda, https://en.wikipedia.org/wiki/Zinda_(film)"", ""Family, https://en.wikipedia.org/wiki/Family_(2006_film)""]","[""Ye hai meri Kahani, https://www.youtube.com/watch?v=qhHL-EOIqqQ"", ""Zinda Hoon Main, https://www.youtube.com/watch?v=Y1K2qCsuYbY"", ""Qatra Qatra, https://www.youtube.com/watch?v=673AhfDrP7I"", ""Pyyar Bina, https://www.youtube.com/watch?v=D21_hppNqqg"", ""Jeene Do, https://youtu.be/vGqHBhBdCeA""]"
20060107,"[""Zinda, https://en.wikipedia.org/wiki/Zinda_(film)"", ""Family, https://en.wikipedia.org/wiki/Family_(2006_film)""]","[""Ye hai meri Kahani, https://www.youtube.com/watch?v=qhHL-EOIqqQ"", ""Zinda Hoon Main, https://www.youtube.com/watch?v=Y1K2qCsuYbY"", ""Qatra Qatra, https://www.youtube.com/watch?v=673AhfDrP7I"", ""Pyyar Bina, https://www.youtube.com/watch?v=D21_hppNqqg"", ""Jeene Do, https://youtu.be/vGqHBhBdCeA""]"
20060108,"[""Zinda, https://en.wikipedia.org/wiki/Zinda_(film)"", ""Family, https://en.wikipedia.org/wiki/Family_(2006_film)""]","[""Ye hai meri Kahani, https://www.youtube.com/watch?v=qhHL-EOIqqQ"", ""Zinda Hoon Main, https://www.youtube.com/watch?v=Y1K2qCsuYbY"", ""Qatra Qatra, https://www.youtube.com/watch?v=673AhfDrP7I"", ""Pyyar Bina, https://www.youtube.com/watch?v=D21_hppNqqg"", ""Jeene Do, https://youtu.be/vGqHBhBdCeA""]"
20060109,"[""Zinda, https://en.wikipedia.org/wiki/Zinda_(film)"", ""Family, https://en.wikipedia.org/wiki/Family_(2006_film)""]","[""Ye hai meri Kahani, https://www.youtube.com/watch?v=qhHL-EOIqqQ"", ""Zinda Hoon Main, https://www.youtube.com/watch?v=Y1K2qCsuYbY"", ""Qatra Qatra, https://www.youtube.com/watch?v=673AhfDrP7I"", ""Pyyar Bina, https://www.youtube.com/watch?v=D21_hppNqqg"", ""Jeene Do, https://youtu.be/vGqHBhBdCeA""]"
20060110,"[""Zinda, https://en.wikipedia.org/wiki/Zinda_(film)"", ""Family, https://en.wikipedia.org/wiki/Family_(2006_film)""]","[""Ye hai meri Kahani, https://www.youtube.com/watch?v=qhHL-EOIqqQ"", ""Zinda Hoon Main, https://www.youtube.com/watch?v=Y1K2qCsuYbY"", ""Qatra Qatra, https://www.youtube.com/watch?v=673AhfDrP7I"", ""Pyyar Bina, https://www.youtube.com/watch?v=D21_hppNqqg"", ""Jeene Do, https://youtu.be/vGqHBhBdCeA""]"
20060111,"[""Zinda, https://en.wikipedia.org/wiki/Zinda_(film)"", ""Family, https://en.wikipedia.org/wiki/Family_(2006_film)""]","[""Ye hai meri Kahani, https://www.youtube.com/watch?v=qhHL-EOIqqQ"", ""Zinda Hoon Main, https://www.youtube.com/watch?v=Y1K2qCsuYbY"", ""Qatra Qatra, https://www.youtube.com/watch?v=673AhfDrP7I"", ""Pyyar Bina, https://www.youtube.com/watch?v=D21_hppNqqg"", ""Jeene Do, https://youtu.be/vGqHBhBdCeA""]"
20060112,"[""Zinda, https://en.wikipedia.org/wiki/Zinda_(film)"", ""Family, https://en.wikipedia.org/wiki/Family_(2006_film)""]","[""Ye hai meri Kahani, https://www.youtube.com/watch?v=qhHL-EOIqqQ"", ""Zinda Hoon Main, https://www.youtube.com/watch?v=Y1K2qCsuYbY"", ""Qatra Qatra, https://www.youtube.com/watch?v=673AhfDrP7I"", ""Pyyar Bina, https://www.youtube.com/watch?v=D21_hppNqqg"", ""Jeene Do, https://youtu.be/vGqHBhBdCeA""]"
20060113,"[""Zinda, https://en.wikipedia.org/wiki/Zinda_(film)"", ""Family, https://en.wikipedia.org/wiki/Family_(2006_film)""]","[""Ye hai meri Kahani, https://www.youtube.com/watch?v=qhHL-EOIqqQ"", ""Zinda Hoon Main, https://www.youtube.com/watch?v=Y1K2qCsuYbY"", ""Qatra Qatra, https://www.youtube.com/watch?v=673AhfDrP7I"", ""Pyyar Bina, https://www.youtube.com/watch?v=D21_hppNqqg"", ""Jeene Do, https://youtu.be/vGqHBhBdCeA""]"
20060114,"[""Zinda, https://en.wikipedia.org/wiki/Zinda_(film)"", ""Family, https://en.wikipedia.org/wiki/Family_(2006_film)""]","[""Ye hai meri Kahani, https://www.youtube.com/watch?v=qhHL-EOIqqQ"", ""Zinda Hoon Main, https://www.youtube.com/watch?v=Y1K2qCsuYbY"", ""Qatra Qatra, https://www.youtube.com/watch?v=673AhfDrP7I"", ""Pyyar Bina, https://www.youtube.com/watch?v=D21_hppNqqg"", ""Jeene Do, https://youtu.be/vGqHBhBdCeA""]"
20060115,"[""Zinda, https://en.wikipedia.org/wiki/Zinda_(film)"", ""Family, https://en.wikipedia.org/wiki/Family_(2006_film)""]","[""Ye hai meri Kahani, https://www.youtube.com/watch?v=qhHL-EOIqqQ"", ""Zinda Hoon Main, https://www.youtube.com/watch?v=Y1K2qCsuYbY"", ""Qatra Qatra, https://www.youtube.com/watch?v=673AhfDrP7I"", ""Pyyar Bina, https://www.youtube.com/watch?v=D21_hppNqqg"", ""Jeene Do, https://youtu.be/vGqHBhBdCeA""]"
20060116,"[""Jawani Diwani, https://en.wikipedia.org/wiki/Jawani_Diwani:_A_Youthful_Joyride"", ""Rang De Basanti, https://en.wikipedia.org/wiki/Rang_De_Basanti""]","[""Rang De Basanti, https://www.youtube.com/watch?v=c769V25pX08"", ""Luka Chuppi, https://www.youtube.com/watch?v=FFpgYjL2aJo"", ""Tu Bin Bataye, https://www.youtube.com/watch?v=UqblLzBwlns"", ""Khalbali, https://www.youtube.com/watch?v=hnswwRWLi3E""]"
20060117,"[""Jawani Diwani, https://en.wikipedia.org/wiki/Jawani_Diwani:_A_Youthful_Joyride"", ""Rang De Basanti, https://en.wikipedia.org/wiki/Rang_De_Basanti""]","[""Rang De Basanti, https://www.youtube.com/watch?v=c769V25pX08"", ""Luka Chuppi, https://www.youtube.com/watch?v=FFpgYjL2aJo"", ""Tu Bin Bataye, https://www.youtube.com/watch?v=UqblLzBwlns"", ""Khalbali, https://www.youtube.com/watch?v=hnswwRWLi3E""]"
20060118,"[""Jawani Diwani, https://en.wikipedia.org/wiki/Jawani_Diwani:_A_Youthful_Joyride"", ""Rang De Basanti, https://en.wikipedia.org/wiki/Rang_De_Basanti""]","[""Rang De Basanti, https://www.youtube.com/watch?v=c769V25pX08"", ""Luka Chuppi, https://www.youtube.com/watch?v=FFpgYjL2aJo"", ""Tu Bin Bataye, https://www.youtube.com/watch?v=UqblLzBwlns"", ""Khalbali, https://www.youtube.com/watch?v=hnswwRWLi3E""]"
20060119,"[""Jawani Diwani, https://en.wikipedia.org/wiki/Jawani_Diwani:_A_Youthful_Joyride"", ""Rang De Basanti, https://en.wikipedia.org/wiki/Rang_De_Basanti""]","[""Rang De Basanti, https://www.youtube.com/watch?v=c769V25pX08"", ""Luka Chuppi, https://www.youtube.com/watch?v=FFpgYjL2aJo"", ""Tu Bin Bataye, https://www.youtube.com/watch?v=UqblLzBwlns"", ""Khalbali, https://www.youtube.com/watch?v=hnswwRWLi3E""]"
20060120,"[""Jawani Diwani, https://en.wikipedia.org/wiki/Jawani_Diwani:_A_Youthful_Joyride"", ""Rang De Basanti, https://en.wikipedia.org/wiki/Rang_De_Basanti""]","[""Rang De Basanti, https://www.youtube.com/watch?v=c769V25pX08"", ""Luka Chuppi, https://www.youtube.com/watch?v=FFpgYjL2aJo"", ""Tu Bin Bataye, https://www.youtube.com/watch?v=UqblLzBwlns"", ""Khalbali, https://www.youtube.com/watch?v=hnswwRWLi3E""]"
20060121,"[""Jawani Diwani, https://en.wikipedia.org/wiki/Jawani_Diwani:_A_Youthful_Joyride"", ""Rang De Basanti, https://en.wikipedia.org/wiki/Rang_De_Basanti""]","[""Rang De Basanti, https://www.youtube.com/watch?v=c769V25pX08"", ""Luka Chuppi, https://www.youtube.com/watch?v=FFpgYjL2aJo"", ""Tu Bin Bataye, https://www.youtube.com/watch?v=UqblLzBwlns"", ""Khalbali, https://www.youtube.com/watch?v=hnswwRWLi3E""]"
20060122,"[""Jawani Diwani, https://en.wikipedia.org/wiki/Jawani_Diwani:_A_Youthful_Joyride"", ""Rang De Basanti, https://en.wikipedia.org/wiki/Rang_De_Basanti""]","[""Rang De Basanti, https://www.youtube.com/watch?v=c769V25pX08"", ""Luka Chuppi, https://www.youtube.com/watch?v=FFpgYjL2aJo"", ""Tu Bin Bataye, https://www.youtube.com/watch?v=UqblLzBwlns"", ""Khalbali, https://www.youtube.com/watch?v=hnswwRWLi3E""]"
20060123,"[""Jawani Diwani, https://en.wikipedia.org/wiki/Jawani_Diwani:_A_Youthful_Joyride"", ""Rang De Basanti, https://en.wikipedia.org/wiki/Rang_De_Basanti""]","[""Rang De Basanti, https://www.youtube.com/watch?v=c769V25pX08"", ""Luka Chuppi, https://www.youtube.com/watch?v=FFpgYjL2aJo"", ""Tu Bin Bataye, https://www.youtube.com/watch?v=UqblLzBwlns"", ""Khalbali, https://www.youtube.com/watch?v=hnswwRWLi3E""]"
20060124,"[""Jawani Diwani, https://en.wikipedia.org/wiki/Jawani_Diwani:_A_Youthful_Joyride"", ""Rang De Basanti, https://en.wikipedia.org/wiki/Rang_De_Basanti""]","[""Rang De Basanti, https://www.youtube.com/watch?v=c769V25pX08"", ""Luka Chuppi, https://www.youtube.com/watch?v=FFpgYjL2aJo"", ""Tu Bin Bataye, https://www.youtube.com/watch?v=UqblLzBwlns"", ""Khalbali, https://www.youtube.com/watch?v=hnswwRWLi3E""]"
20060125,"[""Jawani Diwani, https://en.wikipedia.org/wiki/Jawani_Diwani:_A_Youthful_Joyride"", ""Rang De Basanti, https://en.wikipedia.org/wiki/Rang_De_Basanti""]","[""Rang De Basanti, https://www.youtube.com/watch?v=c769V25pX08"", ""Luka Chuppi, https://www.youtube.com/watch?v=FFpgYjL2aJo"", ""Tu Bin Bataye, https://www.youtube.com/watch?v=UqblLzBwlns"", ""Khalbali, https://www.youtube.com/watch?v=hnswwRWLi3E""]"
20060126,"[""Jawani Diwani, https://en.wikipedia.org/wiki/Jawani_Diwani:_A_Youthful_Joyride"", ""Rang De Basanti, https://en.wikipedia.org/wiki/Rang_De_Basanti""]","[""Rang De Basanti, https://www.youtube.com/watch?v=c769V25pX08"", ""Luka Chuppi, https://www.youtube.com/watch?v=FFpgYjL2aJo"", ""Tu Bin Bataye, https://www.youtube.com/watch?v=UqblLzBwlns"", ""Khalbali, https://www.youtube.com/watch?v=hnswwRWLi3E""]"
20060127,"[""Jawani Diwani, https://en.wikipedia.org/wiki/Jawani_Diwani:_A_Youthful_Joyride"", ""Rang De Basanti, https://en.wikipedia.org/wiki/Rang_De_Basanti""]","[""Rang De Basanti, https://www.youtube.com/watch?v=c769V25pX08"", ""Luka Chuppi, https://www.youtube.com/watch?v=FFpgYjL2aJo"", ""Tu Bin Bataye, https://www.youtube.com/watch?v=UqblLzBwlns"", ""Khalbali, https://www.youtube.com/watch?v=hnswwRWLi3E""]"
20060128,"[""Jawani Diwani, https://en.wikipedia.org/wiki/Jawani_Diwani:_A_Youthful_Joyride"", ""Rang De Basanti, https://en.wikipedia.org/wiki/Rang_De_Basanti""]","[""Rang De Basanti, https://www.youtube.com/watch?v=c769V25pX08"", ""Luka Chuppi, https://www.youtube.com/watch?v=FFpgYjL2aJo"", ""Tu Bin Bataye, https://www.youtube.com/watch?v=UqblLzBwlns"", ""Khalbali, https://www.youtube.com/watch?v=hnswwRWLi3E""]"
20060129,"[""Jawani Diwani, https://en.wikipedia.org/wiki/Jawani_Diwani:_A_Youthful_Joyride"", ""Rang De Basanti, https://en.wikipedia.org/wiki/Rang_De_Basanti""]","[""Rang De Basanti, https://www.youtube.com/watch?v=c769V25pX08"", ""Luka Chuppi, https://www.youtube.com/watch?v=FFpgYjL2aJo"", ""Tu Bin Bataye, https://www.youtube.com/watch?v=UqblLzBwlns"", ""Khalbali, https://www.youtube.com/watch?v=hnswwRWLi3E""]"
20060130,"[""Jawani Diwani, https://en.wikipedia.org/wiki/Jawani_Diwani:_A_Youthful_Joyride"", ""Rang De Basanti, https://en.wikipedia.org/wiki/Rang_De_Basanti""]","[""Rang De Basanti, https://www.youtube.com/watch?v=c769V25pX08"", ""Luka Chuppi, https://www.youtube.com/watch?v=FFpgYjL2aJo"", ""Tu Bin Bataye, https://www.youtube.com/watch?v=UqblLzBwlns"", ""Khalbali, https://www.youtube.com/watch?v=hnswwRWLi3E""]"
20060131,"[""Jawani Diwani, https://en.wikipedia.org/wiki/Jawani_Diwani:_A_Youthful_Joyride"", ""Rang De Basanti, https://en.wikipedia.org/wiki/Rang_De_Basanti""]","[""Rang De Basanti, https://www.youtube.com/watch?v=c769V25pX08"", ""Luka Chuppi, https://www.youtube.com/watch?v=FFpgYjL2aJo"", ""Tu Bin Bataye, https://www.youtube.com/watch?v=UqblLzBwlns"", ""Khalbali, https://www.youtube.com/watch?v=hnswwRWLi3E""]"
20060201,"[""Mere Jeevan Saathi, https://en.wikipedia.org/wiki/Mere_Jeevan_Saathi_(2006_film)"", ""Rang De Basanti, https://en.wikipedia.org/wiki/Rang_De_Basanti""]","[""Tumko Dulhan Banayenge, https://www.youtube.com/watch?v=Gn5Lw8I4XIc"", ""Tasveer, https://www.youtube.com/watch?v=iiQWVZ9uXEY"", ""Deewani Main Deewani, https://www.youtube.com/watch?v=i5QP8zEABOs"", ""Rang De Basanti, https://www.youtube.com/watch?v=c769V25pX08"", ""Luka Chuppi, https://www.youtube.com/watch?v=FFpgYjL2aJo"", ""Tu Bin Bataye, https://www.youtube.com/watch?v=UqblLzBwlns"", ""Khalbali, https://www.youtube.com/watch?v=hnswwRWLi3E""]"
20060202,"[""Mere Jeevan Saathi, https://en.wikipedia.org/wiki/Mere_Jeevan_Saathi_(2006_film)"", ""Rang De Basanti, https://en.wikipedia.org/wiki/Rang_De_Basanti""]","[""Tumko Dulhan Banayenge, https://www.youtube.com/watch?v=Gn5Lw8I4XIc"", ""Tasveer, https://www.youtube.com/watch?v=iiQWVZ9uXEY"", ""Deewani Main Deewani, https://www.youtube.com/watch?v=i5QP8zEABOs"", ""Rang De Basanti, https://www.youtube.com/watch?v=c769V25pX08"", ""Luka Chuppi, https://www.youtube.com/watch?v=FFpgYjL2aJo"", ""Tu Bin Bataye, https://www.youtube.com/watch?v=UqblLzBwlns"", ""Khalbali, https://www.youtube.com/watch?v=hnswwRWLi3E""]"
20060203,"[""Mere Jeevan Saathi, https://en.wikipedia.org/wiki/Mere_Jeevan_Saathi_(2006_film)"", ""Rang De Basanti, https://en.wikipedia.org/wiki/Rang_De_Basanti""]","[""Tumko Dulhan Banayenge, https://www.youtube.com/watch?v=Gn5Lw8I4XIc"", ""Tasveer, https://www.youtube.com/watch?v=iiQWVZ9uXEY"", ""Deewani Main Deewani, https://www.youtube.com/watch?v=i5QP8zEABOs"", ""Rang De Basanti, https://www.youtube.com/watch?v=c769V25pX08"", ""Luka Chuppi, https://www.youtube.com/watch?v=FFpgYjL2aJo"", ""Tu Bin Bataye, https://www.youtube.com/watch?v=UqblLzBwlns"", ""Khalbali, https://www.youtube.com/watch?v=hnswwRWLi3E""]"
20060204,"[""Mere Jeevan Saathi, https://en.wikipedia.org/wiki/Mere_Jeevan_Saathi_(2006_film)"", ""Rang De Basanti, https://en.wikipedia.org/wiki/Rang_De_Basanti""]","[""Tumko Dulhan Banayenge, https://www.youtube.com/watch?v=Gn5Lw8I4XIc"", ""Tasveer, https://www.youtube.com/watch?v=iiQWVZ9uXEY"", ""Deewani Main Deewani, https://www.youtube.com/watch?v=i5QP8zEABOs"", ""Rang De Basanti, https://www.youtube.com/watch?v=c769V25pX08"", ""Luka Chuppi, https://www.youtube.com/watch?v=FFpgYjL2aJo"", ""Tu Bin Bataye, https://www.youtube.com/watch?v=UqblLzBwlns"", ""Khalbali, https://www.youtube.com/watch?v=hnswwRWLi3E""]"
20060205,"[""Mere Jeevan Saathi, https://en.wikipedia.org/wiki/Mere_Jeevan_Saathi_(2006_film)"", ""Rang De Basanti, https://en.wikipedia.org/wiki/Rang_De_Basanti""]","[""Tumko Dulhan Banayenge, https://www.youtube.com/watch?v=Gn5Lw8I4XIc"", ""Tasveer, https://www.youtube.com/watch?v=iiQWVZ9uXEY"", ""Deewani Main Deewani, https://www.youtube.com/watch?v=i5QP8zEABOs"", ""Rang De Basanti, https://www.youtube.com/watch?v=c769V25pX08"", ""Luka Chuppi, https://www.youtube.com/watch?v=FFpgYjL2aJo"", ""Tu Bin Bataye, https://www.youtube.com/watch?v=UqblLzBwlns"", ""Khalbali, https://www.youtube.com/watch?v=hnswwRWLi3E""]"
20060206,"[""Mere Jeevan Saathi, https://en.wikipedia.org/wiki/Mere_Jeevan_Saathi_(2006_film)"", ""Rang De Basanti, https://en.wikipedia.org/wiki/Rang_De_Basanti""]","[""Tumko Dulhan Banayenge, https://www.youtube.com/watch?v=Gn5Lw8I4XIc"", ""Tasveer, https://www.youtube.com/watch?v=iiQWVZ9uXEY"", ""Deewani Main Deewani, https://www.youtube.com/watch?v=i5QP8zEABOs"", ""Rang De Basanti, https://www.youtube.com/watch?v=c769V25pX08"", ""Luka Chuppi, https://www.youtube.com/watch?v=FFpgYjL2aJo"", ""Tu Bin Bataye, https://www.youtube.com/watch?v=UqblLzBwlns"", ""Khalbali, https://www.youtube.com/watch?v=hnswwRWLi3E""]"
20060207,"[""Mere Jeevan Saathi, https://en.wikipedia.org/wiki/Mere_Jeevan_Saathi_(2006_film)"", ""Rang De Basanti, https://en.wikipedia.org/wiki/Rang_De_Basanti""]","[""Tumko Dulhan Banayenge, https://www.youtube.com/watch?v=Gn5Lw8I4XIc"", ""Tasveer, https://www.youtube.com/watch?v=iiQWVZ9uXEY"", ""Deewani Main Deewani, https://www.youtube.com/watch?v=i5QP8zEABOs"", ""Rang De Basanti, https://www.youtube.com/watch?v=c769V25pX08"", ""Luka Chuppi, https://www.youtube.com/watch?v=FFpgYjL2aJo"", ""Tu Bin Bataye, https://www.youtube.com/watch?v=UqblLzBwlns"", ""Khalbali, https://www.youtube.com/watch?v=hnswwRWLi3E""]"
20060208,"[""Mere Jeevan Saathi, https://en.wikipedia.org/wiki/Mere_Jeevan_Saathi_(2006_film)"", ""Rang De Basanti, https://en.wikipedia.org/wiki/Rang_De_Basanti""]","[""Tumko Dulhan Banayenge, https://www.youtube.com/watch?v=Gn5Lw8I4XIc"", ""Tasveer, https://www.youtube.com/watch?v=iiQWVZ9uXEY"", ""Deewani Main Deewani, https://www.youtube.com/watch?v=i5QP8zEABOs"", ""Rang De Basanti, https://www.youtube.com/watch?v=c769V25pX08"", ""Luka Chuppi, https://www.youtube.com/watch?v=FFpgYjL2aJo"", ""Tu Bin Bataye, https://www.youtube.com/watch?v=UqblLzBwlns"", ""Khalbali, https://www.youtube.com/watch?v=hnswwRWLi3E""]"
20060209,"[""Mere Jeevan Saathi, https://en.wikipedia.org/wiki/Mere_Jeevan_Saathi_(2006_film)"", ""Rang De Basanti, https://en.wikipedia.org/wiki/Rang_De_Basanti""]","[""Tumko Dulhan Banayenge, https://www.youtube.com/watch?v=Gn5Lw8I4XIc"", ""Tasveer, https://www.youtube.com/watch?v=iiQWVZ9uXEY"", ""Deewani Main Deewani, https://www.youtube.com/watch?v=i5QP8zEABOs"", ""Rang De Basanti, https://www.youtube.com/watch?v=c769V25pX08"", ""Luka Chuppi, https://www.youtube.com/watch?v=FFpgYjL2aJo"", ""Tu Bin Bataye, https://www.youtube.com/watch?v=UqblLzBwlns"", ""Khalbali, https://www.youtube.com/watch?v=hnswwRWLi3E""]"
20060210,"[""Mere Jeevan Saathi, https://en.wikipedia.org/wiki/Mere_Jeevan_Saathi_(2006_film)"", ""Rang De Basanti, https://en.wikipedia.org/wiki/Rang_De_Basanti""]","[""Tumko Dulhan Banayenge, https://www.youtube.com/watch?v=Gn5Lw8I4XIc"", ""Tasveer, https://www.youtube.com/watch?v=iiQWVZ9uXEY"", ""Deewani Main Deewani, https://www.youtube.com/watch?v=i5QP8zEABOs"", ""Rang De Basanti, https://www.youtube.com/watch?v=c769V25pX08"", ""Luka Chuppi, https://www.youtube.com/watch?v=FFpgYjL2aJo"", ""Tu Bin Bataye, https://www.youtube.com/watch?v=UqblLzBwlns"", ""Khalbali, https://www.youtube.com/watch?v=hnswwRWLi3E""]"
20060211,"[""Mere Jeevan Saathi, https://en.wikipedia.org/wiki/Mere_Jeevan_Saathi_(2006_film)"", ""Rang De Basanti, https://en.wikipedia.org/wiki/Rang_De_Basanti""]","[""Tumko Dulhan Banayenge, https://www.youtube.com/watch?v=Gn5Lw8I4XIc"", ""Tasveer, https://www.youtube.com/watch?v=iiQWVZ9uXEY"", ""Deewani Main Deewani, https://www.youtube.com/watch?v=i5QP8zEABOs"", ""Rang De Basanti, https://www.youtube.com/watch?v=c769V25pX08"", ""Luka Chuppi, https://www.youtube.com/watch?v=FFpgYjL2aJo"", ""Tu Bin Bataye, https://www.youtube.com/watch?v=UqblLzBwlns"", ""Khalbali, https://www.youtube.com/watch?v=hnswwRWLi3E""]"
20060212,"[""Mere Jeevan Saathi, https://en.wikipedia.org/wiki/Mere_Jeevan_Saathi_(2006_film)"", ""Rang De Basanti, https://en.wikipedia.org/wiki/Rang_De_Basanti""]","[""Tumko Dulhan Banayenge, https://www.youtube.com/watch?v=Gn5Lw8I4XIc"", ""Tasveer, https://www.youtube.com/watch?v=iiQWVZ9uXEY"", ""Deewani Main Deewani, https://www.youtube.com/watch?v=i5QP8zEABOs"", ""Rang De Basanti, https://www.youtube.com/watch?v=c769V25pX08"", ""Luka Chuppi, https://www.youtube.com/watch?v=FFpgYjL2aJo"", ""Tu Bin Bataye, https://www.youtube.com/watch?v=UqblLzBwlns"", ""Khalbali, https://www.youtube.com/watch?v=hnswwRWLi3E""]"
20060213,"[""Mere Jeevan Saathi, https://en.wikipedia.org/wiki/Mere_Jeevan_Saathi_(2006_film)"", ""Rang De Basanti, https://en.wikipedia.org/wiki/Rang_De_Basanti""]","[""Tumko Dulhan Banayenge, https://www.youtube.com/watch?v=Gn5Lw8I4XIc"", ""Tasveer, https://www.youtube.com/watch?v=iiQWVZ9uXEY"", ""Deewani Main Deewani, https://www.youtube.com/watch?v=i5QP8zEABOs"", ""Rang De Basanti, https://www.youtube.com/watch?v=c769V25pX08"", ""Luka Chuppi, https://www.youtube.com/watch?v=FFpgYjL2aJo"", ""Tu Bin Bataye, https://www.youtube.com/watch?v=UqblLzBwlns"", ""Khalbali, https://www.youtube.com/watch?v=hnswwRWLi3E""]"
20060214,"[""Mere Jeevan Saathi, https://en.wikipedia.org/wiki/Mere_Jeevan_Saathi_(2006_film)"", ""Rang De Basanti, https://en.wikipedia.org/wiki/Rang_De_Basanti""]","[""Tumko Dulhan Banayenge, https://www.youtube.com/watch?v=Gn5Lw8I4XIc"", ""Tasveer, https://www.youtube.com/watch?v=iiQWVZ9uXEY"", ""Deewani Main Deewani, https://www.youtube.com/watch?v=i5QP8zEABOs"", ""Rang De Basanti, https://www.youtube.com/watch?v=c769V25pX08"", ""Luka Chuppi, https://www.youtube.com/watch?v=FFpgYjL2aJo"", ""Tu Bin Bataye, https://www.youtube.com/watch?v=UqblLzBwlns"", ""Khalbali, https://www.youtube.com/watch?v=hnswwRWLi3E""]"
20060215,"[""Fight Club: Members Only, https://en.wikipedia.org/wiki/Fight_Club:_Members_Only"", ""Taxi No. 9211, https://en.wikipedia.org/wiki/Taxi_No._9211""]","[""Chhore Ki Baatein, http://youtube.com/watch?v=MeY6R0tx0Lw"", ""Ye Khuda Na Janu Wo Khuda, https://www.youtube.com/watch?v=J8QIUb_eFgs"", ""Bolo Na Tum Zara, https://www.youtube.com/watch?v=a7W59UwbNlQ"", ""Ek Nazar Mein Bhi, https://www.youtube.com/watch?v=0kV8jZ3gOAs"", ""Bumbai Nagariya, https://www.youtube.com/watch?v=8XpX9rgH9Pg""]"
20060216,"[""Fight Club: Members Only, https://en.wikipedia.org/wiki/Fight_Club:_Members_Only"", ""Taxi No. 9211, https://en.wikipedia.org/wiki/Taxi_No._9211""]","[""Chhore Ki Baatein, http://youtube.com/watch?v=MeY6R0tx0Lw"", ""Ye Khuda Na Janu Wo Khuda, https://www.youtube.com/watch?v=J8QIUb_eFgs"", ""Bolo Na Tum Zara, https://www.youtube.com/watch?v=a7W59UwbNlQ"", ""Ek Nazar Mein Bhi, https://www.youtube.com/watch?v=0kV8jZ3gOAs"", ""Bumbai Nagariya, https://www.youtube.com/watch?v=8XpX9rgH9Pg""]"
20060217,"[""Fight Club: Members Only, https://en.wikipedia.org/wiki/Fight_Club:_Members_Only"", ""Taxi No. 9211, https://en.wikipedia.org/wiki/Taxi_No._9211""]","[""Chhore Ki Baatein, http://youtube.com/watch?v=MeY6R0tx0Lw"", ""Ye Khuda Na Janu Wo Khuda, https://www.youtube.com/watch?v=J8QIUb_eFgs"", ""Bolo Na Tum Zara, https://www.youtube.com/watch?v=a7W59UwbNlQ"", ""Ek Nazar Mein Bhi, https://www.youtube.com/watch?v=0kV8jZ3gOAs"", ""Bumbai Nagariya, https://www.youtube.com/watch?v=8XpX9rgH9Pg""]"
20060218,"[""Fight Club: Members Only, https://en.wikipedia.org/wiki/Fight_Club:_Members_Only"", ""Taxi No. 9211, https://en.wikipedia.org/wiki/Taxi_No._9211""]","[""Chhore Ki Baatein, http://youtube.com/watch?v=MeY6R0tx0Lw"", ""Ye Khuda Na Janu Wo Khuda, https://www.youtube.com/watch?v=J8QIUb_eFgs"", ""Bolo Na Tum Zara, https://www.youtube.com/watch?v=a7W59UwbNlQ"", ""Ek Nazar Mein Bhi, https://www.youtube.com/watch?v=0kV8jZ3gOAs"", ""Bumbai Nagariya, https://www.youtube.com/watch?v=8XpX9rgH9Pg""]"
20060219,"[""Fight Club: Members Only, https://en.wikipedia.org/wiki/Fight_Club:_Members_Only"", ""Taxi No. 9211, https://en.wikipedia.org/wiki/Taxi_No._9211""]","[""Chhore Ki Baatein, http://youtube.com/watch?v=MeY6R0tx0Lw"", ""Ye Khuda Na Janu Wo Khuda, https://www.youtube.com/watch?v=J8QIUb_eFgs"", ""Bolo Na Tum Zara, https://www.youtube.com/watch?v=a7W59UwbNlQ"", ""Ek Nazar Mein Bhi, https://www.youtube.com/watch?v=0kV8jZ3gOAs"", ""Bumbai Nagariya, https://www.youtube.com/watch?v=8XpX9rgH9Pg""]"
20060220,"[""Fight Club: Members Only, https://en.wikipedia.org/wiki/Fight_Club:_Members_Only"", ""Taxi No. 9211, https://en.wikipedia.org/wiki/Taxi_No._9211""]","[""Chhore Ki Baatein, http://youtube.com/watch?v=MeY6R0tx0Lw"", ""Ye Khuda Na Janu Wo Khuda, https://www.youtube.com/watch?v=J8QIUb_eFgs"", ""Bolo Na Tum Zara, https://www.youtube.com/watch?v=a7W59UwbNlQ"", ""Ek Nazar Mein Bhi, https://www.youtube.com/watch?v=0kV8jZ3gOAs"", ""Bumbai Nagariya, https://www.youtube.com/watch?v=8XpX9rgH9Pg""]"
20060221,"[""Fight Club: Members Only, https://en.wikipedia.org/wiki/Fight_Club:_Members_Only"", ""Taxi No. 9211, https://en.wikipedia.org/wiki/Taxi_No._9211""]","[""Chhore Ki Baatein, http://youtube.com/watch?v=MeY6R0tx0Lw"", ""Ye Khuda Na Janu Wo Khuda, https://www.youtube.com/watch?v=J8QIUb_eFgs"", ""Bolo Na Tum Zara, https://www.youtube.com/watch?v=a7W59UwbNlQ"", ""Ek Nazar Mein Bhi, https://www.youtube.com/watch?v=0kV8jZ3gOAs"", ""Bumbai Nagariya, https://www.youtube.com/watch?v=8XpX9rgH9Pg""]"
20060222,"[""Fight Club: Members Only, https://en.wikipedia.org/wiki/Fight_Club:_Members_Only"", ""Taxi No. 9211, https://en.wikipedia.org/wiki/Taxi_No._9211""]","[""Chhore Ki Baatein, http://youtube.com/watch?v=MeY6R0tx0Lw"", ""Ye Khuda Na Janu Wo Khuda, https://www.youtube.com/watch?v=J8QIUb_eFgs"", ""Bolo Na Tum Zara, https://www.youtube.com/watch?v=a7W59UwbNlQ"", ""Ek Nazar Mein Bhi, https://www.youtube.com/watch?v=0kV8jZ3gOAs"", ""Bumbai Nagariya, https://www.youtube.com/watch?v=8XpX9rgH9Pg""]"
20060223,"[""Fight Club: Members Only, https://en.wikipedia.org/wiki/Fight_Club:_Members_Only"", ""Taxi No. 9211, https://en.wikipedia.org/wiki/Taxi_No._9211""]","[""Chhore Ki Baatein, http://youtube.com/watch?v=MeY6R0tx0Lw"", ""Ye Khuda Na Janu Wo Khuda, https://www.youtube.com/watch?v=J8QIUb_eFgs"", ""Bolo Na Tum Zara, https://www.youtube.com/watch?v=a7W59UwbNlQ"", ""Ek Nazar Mein Bhi, https://www.youtube.com/watch?v=0kV8jZ3gOAs"", ""Bumbai Nagariya, https://www.youtube.com/watch?v=8XpX9rgH9Pg""]"
20060224,"[""Fight Club: Members Only, https://en.wikipedia.org/wiki/Fight_Club:_Members_Only"", ""Taxi No. 9211, https://en.wikipedia.org/wiki/Taxi_No._9211""]","[""Chhore Ki Baatein, http://youtube.com/watch?v=MeY6R0tx0Lw"", ""Ye Khuda Na Janu Wo Khuda, https://www.youtube.com/watch?v=J8QIUb_eFgs"", ""Bolo Na Tum Zara, https://www.youtube.com/watch?v=a7W59UwbNlQ"", ""Ek Nazar Mein Bhi, https://www.youtube.com/watch?v=0kV8jZ3gOAs"", ""Bumbai Nagariya, https://www.youtube.com/watch?v=8XpX9rgH9Pg""]"
20060225,"[""Fight Club: Members Only, https://en.wikipedia.org/wiki/Fight_Club:_Members_Only"", ""Taxi No. 9211, https://en.wikipedia.org/wiki/Taxi_No._9211""]","[""Chhore Ki Baatein, http://youtube.com/watch?v=MeY6R0tx0Lw"", ""Ye Khuda Na Janu Wo Khuda, https://www.youtube.com/watch?v=J8QIUb_eFgs"", ""Bolo Na Tum Zara, https://www.youtube.com/watch?v=a7W59UwbNlQ"", ""Ek Nazar Mein Bhi, https://www.youtube.com/watch?v=0kV8jZ3gOAs"", ""Bumbai Nagariya, https://www.youtube.com/watch?v=8XpX9rgH9Pg""]"
20060226,"[""Fight Club: Members Only, https://en.wikipedia.org/wiki/Fight_Club:_Members_Only"", ""Taxi No. 9211, https://en.wikipedia.org/wiki/Taxi_No._9211""]","[""Chhore Ki Baatein, http://youtube.com/watch?v=MeY6R0tx0Lw"", ""Ye Khuda Na Janu Wo Khuda, https://www.youtube.com/watch?v=J8QIUb_eFgs"", ""Bolo Na Tum Zara, https://www.youtube.com/watch?v=a7W59UwbNlQ"", ""Ek Nazar Mein Bhi, https://www.youtube.com/watch?v=0kV8jZ3gOAs"", ""Bumbai Nagariya, https://www.youtube.com/watch?v=8XpX9rgH9Pg""]"
20060227,"[""Fight Club: Members Only, https://en.wikipedia.org/wiki/Fight_Club:_Members_Only"", ""Taxi No. 9211, https://en.wikipedia.org/wiki/Taxi_No._9211""]","[""Chhore Ki Baatein, http://youtube.com/watch?v=MeY6R0tx0Lw"", ""Ye Khuda Na Janu Wo Khuda, https://www.youtube.com/watch?v=J8QIUb_eFgs"", ""Bolo Na Tum Zara, https://www.youtube.com/watch?v=a7W59UwbNlQ"", ""Ek Nazar Mein Bhi, https://www.youtube.com/watch?v=0kV8jZ3gOAs"", ""Bumbai Nagariya, https://www.youtube.com/watch?v=8XpX9rgH9Pg""]"
20060228,"[""Fight Club: Members Only, https://en.wikipedia.org/wiki/Fight_Club:_Members_Only"", ""Taxi No. 9211, https://en.wikipedia.org/wiki/Taxi_No._9211""]","[""Chhore Ki Baatein, http://youtube.com/watch?v=MeY6R0tx0Lw"", ""Ye Khuda Na Janu Wo Khuda, https://www.youtube.com/watch?v=J8QIUb_eFgs"", ""Bolo Na Tum Zara, https://www.youtube.com/watch?v=a7W59UwbNlQ"", ""Ek Nazar Mein Bhi, https://www.youtube.com/watch?v=0kV8jZ3gOAs"", ""Bumbai Nagariya, https://www.youtube.com/watch?v=8XpX9rgH9Pg""]"
20060301,"[""Teesri Aankh- The Hidden Camera, https://en.wikipedia.org/wiki/Teesri_Aankh:_The_Hidden_Camera"", ""Malamaal Weekly, https://en.wikipedia.org/wiki/Malamaal_Weekly""]","[""Chug De Punjabi, https://www.youtube.com/watch?v=BzbrqigAXU0"", ""Assi Teri Gal Karni, https://www.youtube.com/watch?v=IMoRJQi1eKQ"", ""Titliyan Titliyan, https://www.youtube.com/watch?v=w54CKOK6DF0"", ""Hansani O Meri Hansani, https://www.youtube.com/watch?v=P--be4AvsyE"", ""Kismat Se Chalti Hai, https://www.youtube.com/watch?v=lx176zI25B8"", ""Yeh Ajooba, https://www.youtube.com/watch?v=8O5bQwqqjRs""]"
20060302,"[""Teesri Aankh- The Hidden Camera, https://en.wikipedia.org/wiki/Teesri_Aankh:_The_Hidden_Camera"", ""Malamaal Weekly, https://en.wikipedia.org/wiki/Malamaal_Weekly""]","[""Chug De Punjabi, https://www.youtube.com/watch?v=BzbrqigAXU0"", ""Assi Teri Gal Karni, https://www.youtube.com/watch?v=IMoRJQi1eKQ"", ""Titliyan Titliyan, https://www.youtube.com/watch?v=w54CKOK6DF0"", ""Hansani O Meri Hansani, https://www.youtube.com/watch?v=P--be4AvsyE"", ""Kismat Se Chalti Hai, https://www.youtube.com/watch?v=lx176zI25B8"", ""Yeh Ajooba, https://www.youtube.com/watch?v=8O5bQwqqjRs""]"
20060303,"[""Teesri Aankh- The Hidden Camera, https://en.wikipedia.org/wiki/Teesri_Aankh:_The_Hidden_Camera"", ""Malamaal Weekly, https://en.wikipedia.org/wiki/Malamaal_Weekly""]","[""Chug De Punjabi, https://www.youtube.com/watch?v=BzbrqigAXU0"", ""Assi Teri Gal Karni, https://www.youtube.com/watch?v=IMoRJQi1eKQ"", ""Titliyan Titliyan, https://www.youtube.com/watch?v=w54CKOK6DF0"", ""Hansani O Meri Hansani, https://www.youtube.com/watch?v=P--be4AvsyE"", ""Kismat Se Chalti Hai, https://www.youtube.com/watch?v=lx176zI25B8"", ""Yeh Ajooba, https://www.youtube.com/watch?v=8O5bQwqqjRs""]"
20060304,"[""Teesri Aankh- The Hidden Camera, https://en.wikipedia.org/wiki/Teesri_Aankh:_The_Hidden_Camera"", ""Malamaal Weekly, https://en.wikipedia.org/wiki/Malamaal_Weekly""]","[""Chug De Punjabi, https://www.youtube.com/watch?v=BzbrqigAXU0"", ""Assi Teri Gal Karni, https://www.youtube.com/watch?v=IMoRJQi1eKQ"", ""Titliyan Titliyan, https://www.youtube.com/watch?v=w54CKOK6DF0"", ""Hansani O Meri Hansani, https://www.youtube.com/watch?v=P--be4AvsyE"", ""Kismat Se Chalti Hai, https://www.youtube.com/watch?v=lx176zI25B8"", ""Yeh Ajooba, https://www.youtube.com/watch?v=8O5bQwqqjRs""]"
20060305,"[""Teesri Aankh- The Hidden Camera, https://en.wikipedia.org/wiki/Teesri_Aankh:_The_Hidden_Camera"", ""Malamaal Weekly, https://en.wikipedia.org/wiki/Malamaal_Weekly""]","[""Chug De Punjabi, https://www.youtube.com/watch?v=BzbrqigAXU0"", ""Assi Teri Gal Karni, https://www.youtube.com/watch?v=IMoRJQi1eKQ"", ""Titliyan Titliyan, https://www.youtube.com/watch?v=w54CKOK6DF0"", ""Hansani O Meri Hansani, https://www.youtube.com/watch?v=P--be4AvsyE"", ""Kismat Se Chalti Hai, https://www.youtube.com/watch?v=lx176zI25B8"", ""Yeh Ajooba, https://www.youtube.com/watch?v=8O5bQwqqjRs""]"
20060306,"[""Teesri Aankh- The Hidden Camera, https://en.wikipedia.org/wiki/Teesri_Aankh:_The_Hidden_Camera"", ""Malamaal Weekly, https://en.wikipedia.org/wiki/Malamaal_Weekly""]","[""Chug De Punjabi, https://www.youtube.com/watch?v=BzbrqigAXU0"", ""Assi Teri Gal Karni, https://www.youtube.com/watch?v=IMoRJQi1eKQ"", ""Titliyan Titliyan, https://www.youtube.com/watch?v=w54CKOK6DF0"", ""Hansani O Meri Hansani, https://www.youtube.com/watch?v=P--be4AvsyE"", ""Kismat Se Chalti Hai, https://www.youtube.com/watch?v=lx176zI25B8"", ""Yeh Ajooba, https://www.youtube.com/watch?v=8O5bQwqqjRs""]"
20060307,"[""Teesri Aankh- The Hidden Camera, https://en.wikipedia.org/wiki/Teesri_Aankh:_The_Hidden_Camera"", ""Malamaal Weekly, https://en.wikipedia.org/wiki/Malamaal_Weekly""]","[""Chug De Punjabi, https://www.youtube.com/watch?v=BzbrqigAXU0"", ""Assi Teri Gal Karni, https://www.youtube.com/watch?v=IMoRJQi1eKQ"", ""Titliyan Titliyan, https://www.youtube.com/watch?v=w54CKOK6DF0"", ""Hansani O Meri Hansani, https://www.youtube.com/watch?v=P--be4AvsyE"", ""Kismat Se Chalti Hai, https://www.youtube.com/watch?v=lx176zI25B8"", ""Yeh Ajooba, https://www.youtube.com/watch?v=8O5bQwqqjRs""]"
20060308,"[""Teesri Aankh- The Hidden Camera, https://en.wikipedia.org/wiki/Teesri_Aankh:_The_Hidden_Camera"", ""Malamaal Weekly, https://en.wikipedia.org/wiki/Malamaal_Weekly""]","[""Chug De Punjabi, https://www.youtube.com/watch?v=BzbrqigAXU0"", ""Assi Teri Gal Karni, https://www.youtube.com/watch?v=IMoRJQi1eKQ"", ""Titliyan Titliyan, https://www.youtube.com/watch?v=w54CKOK6DF0"", ""Hansani O Meri Hansani, https://www.youtube.com/watch?v=P--be4AvsyE"", ""Kismat Se Chalti Hai, https://www.youtube.com/watch?v=lx176zI25B8"", ""Yeh Ajooba, https://www.youtube.com/watch?v=8O5bQwqqjRs""]"
20060309,"[""Teesri Aankh- The Hidden Camera, https://en.wikipedia.org/wiki/Teesri_Aankh:_The_Hidden_Camera"", ""Malamaal Weekly, https://en.wikipedia.org/wiki/Malamaal_Weekly""]","[""Chug De Punjabi, https://www.youtube.com/watch?v=BzbrqigAXU0"", ""Assi Teri Gal Karni, https://www.youtube.com/watch?v=IMoRJQi1eKQ"", ""Titliyan Titliyan, https://www.youtube.com/watch?v=w54CKOK6DF0"", ""Hansani O Meri Hansani, https://www.youtube.com/watch?v=P--be4AvsyE"", ""Kismat Se Chalti Hai, https://www.youtube.com/watch?v=lx176zI25B8"", ""Yeh Ajooba, https://www.youtube.com/watch?v=8O5bQwqqjRs""]"
20060310,"[""Teesri Aankh- The Hidden Camera, https://en.wikipedia.org/wiki/Teesri_Aankh:_The_Hidden_Camera"", ""Malamaal Weekly, https://en.wikipedia.org/wiki/Malamaal_Weekly""]","[""Chug De Punjabi, https://www.youtube.com/watch?v=BzbrqigAXU0"", ""Assi Teri Gal Karni, https://www.youtube.com/watch?v=IMoRJQi1eKQ"", ""Titliyan Titliyan, https://www.youtube.com/watch?v=w54CKOK6DF0"", ""Hansani O Meri Hansani, https://www.youtube.com/watch?v=P--be4AvsyE"", ""Kismat Se Chalti Hai, https://www.youtube.com/watch?v=lx176zI25B8"", ""Yeh Ajooba, https://www.youtube.com/watch?v=8O5bQwqqjRs""]"
20060311,"[""Teesri Aankh- The Hidden Camera, https://en.wikipedia.org/wiki/Teesri_Aankh:_The_Hidden_Camera"", ""Malamaal Weekly, https://en.wikipedia.org/wiki/Malamaal_Weekly""]","[""Chug De Punjabi, https://www.youtube.com/watch?v=BzbrqigAXU0"", ""Assi Teri Gal Karni, https://www.youtube.com/watch?v=IMoRJQi1eKQ"", ""Titliyan Titliyan, https://www.youtube.com/watch?v=w54CKOK6DF0"", ""Hansani O Meri Hansani, https://www.youtube.com/watch?v=P--be4AvsyE"", ""Kismat Se Chalti Hai, https://www.youtube.com/watch?v=lx176zI25B8"", ""Yeh Ajooba, https://www.youtube.com/watch?v=8O5bQwqqjRs""]"
20060312,"[""Teesri Aankh- The Hidden Camera, https://en.wikipedia.org/wiki/Teesri_Aankh:_The_Hidden_Camera"", ""Malamaal Weekly, https://en.wikipedia.org/wiki/Malamaal_Weekly""]","[""Chug De Punjabi, https://www.youtube.com/watch?v=BzbrqigAXU0"", ""Assi Teri Gal Karni, https://www.youtube.com/watch?v=IMoRJQi1eKQ"", ""Titliyan Titliyan, https://www.youtube.com/watch?v=w54CKOK6DF0"", ""Hansani O Meri Hansani, https://www.youtube.com/watch?v=P--be4AvsyE"", ""Kismat Se Chalti Hai, https://www.youtube.com/watch?v=lx176zI25B8"", ""Yeh Ajooba, https://www.youtube.com/watch?v=8O5bQwqqjRs""]"
20060313,"[""Teesri Aankh- The Hidden Camera, https://en.wikipedia.org/wiki/Teesri_Aankh:_The_Hidden_Camera"", ""Malamaal Weekly, https://en.wikipedia.org/wiki/Malamaal_Weekly""]","[""Chug De Punjabi, https://www.youtube.com/watch?v=BzbrqigAXU0"", ""Assi Teri Gal Karni, https://www.youtube.com/watch?v=IMoRJQi1eKQ"", ""Titliyan Titliyan, https://www.youtube.com/watch?v=w54CKOK6DF0"", ""Hansani O Meri Hansani, https://www.youtube.com/watch?v=P--be4AvsyE"", ""Kismat Se Chalti Hai, https://www.youtube.com/watch?v=lx176zI25B8"", ""Yeh Ajooba, https://www.youtube.com/watch?v=8O5bQwqqjRs""]"
20060314,"[""Teesri Aankh- The Hidden Camera, https://en.wikipedia.org/wiki/Teesri_Aankh:_The_Hidden_Camera"", ""Malamaal Weekly, https://en.wikipedia.org/wiki/Malamaal_Weekly""]","[""Chug De Punjabi, https://www.youtube.com/watch?v=BzbrqigAXU0"", ""Assi Teri Gal Karni, https://www.youtube.com/watch?v=IMoRJQi1eKQ"", ""Titliyan Titliyan, https://www.youtube.com/watch?v=w54CKOK6DF0"", ""Hansani O Meri Hansani, https://www.youtube.com/watch?v=P--be4AvsyE"", ""Kismat Se Chalti Hai, https://www.youtube.com/watch?v=lx176zI25B8"", ""Yeh Ajooba, https://www.youtube.com/watch?v=8O5bQwqqjRs""]"
20060315,"[""Teesri Aankh- The Hidden Camera, https://en.wikipedia.org/wiki/Teesri_Aankh:_The_Hidden_Camera"", ""Malamaal Weekly, https://en.wikipedia.org/wiki/Malamaal_Weekly""]","[""Chug De Punjabi, https://www.youtube.com/watch?v=BzbrqigAXU0"", ""Assi Teri Gal Karni, https://www.youtube.com/watch?v=IMoRJQi1eKQ"", ""Titliyan Titliyan, https://www.youtube.com/watch?v=w54CKOK6DF0"", ""Hansani O Meri Hansani, https://www.youtube.com/watch?v=P--be4AvsyE"", ""Kismat Se Chalti Hai, https://www.youtube.com/watch?v=lx176zI25B8"", ""Yeh Ajooba, https://www.youtube.com/watch?v=8O5bQwqqjRs""]"
20060316,"[""Malamaal Weekly, https://en.wikipedia.org/wiki/Malamaal_Weekly""]","[""Hansani O Meri Hansani, https://www.youtube.com/watch?v=P--be4AvsyE"", ""Kismat Se Chalti Hai, https://www.youtube.com/watch?v=lx176zI25B8"", ""Yeh Ajooba, https://www.youtube.com/watch?v=8O5bQwqqjRs""]"
20060317,"[""Malamaal Weekly, https://en.wikipedia.org/wiki/Malamaal_Weekly""]","[""Hansani O Meri Hansani, https://www.youtube.com/watch?v=P--be4AvsyE"", ""Kismat Se Chalti Hai, https://www.youtube.com/watch?v=lx176zI25B8"", ""Yeh Ajooba, https://www.youtube.com/watch?v=8O5bQwqqjRs""]"
20060318,"[""Malamaal Weekly, https://en.wikipedia.org/wiki/Malamaal_Weekly""]","[""Hansani O Meri Hansani, https://www.youtube.com/watch?v=P--be4AvsyE"", ""Kismat Se Chalti Hai, https://www.youtube.com/watch?v=lx176zI25B8"", ""Yeh Ajooba, https://www.youtube.com/watch?v=8O5bQwqqjRs""]"
20060319,"[""Malamaal Weekly, https://en.wikipedia.org/wiki/Malamaal_Weekly""]","[""Hansani O Meri Hansani, https://www.youtube.com/watch?v=P--be4AvsyE"", ""Kismat Se Chalti Hai, https://www.youtube.com/watch?v=lx176zI25B8"", ""Yeh Ajooba, https://www.youtube.com/watch?v=8O5bQwqqjRs""]"
20060320,"[""Malamaal Weekly, https://en.wikipedia.org/wiki/Malamaal_Weekly""]","[""Hansani O Meri Hansani, https://www.youtube.com/watch?v=P--be4AvsyE"", ""Kismat Se Chalti Hai, https://www.youtube.com/watch?v=lx176zI25B8"", ""Yeh Ajooba, https://www.youtube.com/watch?v=8O5bQwqqjRs""]"
20060321,"[""Malamaal Weekly, https://en.wikipedia.org/wiki/Malamaal_Weekly""]","[""Hansani O Meri Hansani, https://www.youtube.com/watch?v=P--be4AvsyE"", ""Kismat Se Chalti Hai, https://www.youtube.com/watch?v=lx176zI25B8"", ""Yeh Ajooba, https://www.youtube.com/watch?v=8O5bQwqqjRs""]"
20060322,"[""Malamaal Weekly, https://en.wikipedia.org/wiki/Malamaal_Weekly""]","[""Hansani O Meri Hansani, https://www.youtube.com/watch?v=P--be4AvsyE"", ""Kismat Se Chalti Hai, https://www.youtube.com/watch?v=lx176zI25B8"", ""Yeh Ajooba, https://www.youtube.com/watch?v=8O5bQwqqjRs""]"
20060323,"[""Malamaal Weekly, https://en.wikipedia.org/wiki/Malamaal_Weekly"", ""Souten: The Other Woman, https://en.wikipedia.org/wiki/Souten:_The_Other_Woman""]","[""Hansani O Meri Hansani, https://www.youtube.com/watch?v=P--be4AvsyE"", ""Kismat Se Chalti Hai, https://www.youtube.com/watch?v=lx176zI25B8"", ""Yeh Ajooba, https://www.youtube.com/watch?v=8O5bQwqqjRs"", ""Barsaat Hai Lagne Laga Hai Dar, https://www.youtube.com/watch?v=rhm5Ep1usFo"", ""Kuch Dard, https://www.youtube.com/watch?v=3AsbWBu4K5Q"", ""Mohabbat Ho Chuki Hai, https://www.youtube.com/watch?v=6sTkXLQSvcA""]"
20060324,"[""Malamaal Weekly, https://en.wikipedia.org/wiki/Malamaal_Weekly"", ""Souten: The Other Woman, https://en.wikipedia.org/wiki/Souten:_The_Other_Woman""]","[""Hansani O Meri Hansani, https://www.youtube.com/watch?v=P--be4AvsyE"", ""Kismat Se Chalti Hai, https://www.youtube.com/watch?v=lx176zI25B8"", ""Yeh Ajooba, https://www.youtube.com/watch?v=8O5bQwqqjRs"", ""Barsaat Hai Lagne Laga Hai Dar, https://www.youtube.com/watch?v=rhm5Ep1usFo"", ""Kuch Dard, https://www.youtube.com/watch?v=3AsbWBu4K5Q"", ""Mohabbat Ho Chuki Hai, https://www.youtube.com/watch?v=6sTkXLQSvcA""]"
20060325,"[""Malamaal Weekly, https://en.wikipedia.org/wiki/Malamaal_Weekly"", ""Souten: The Other Woman, https://en.wikipedia.org/wiki/Souten:_The_Other_Woman""]","[""Hansani O Meri Hansani, https://www.youtube.com/watch?v=P--be4AvsyE"", ""Kismat Se Chalti Hai, https://www.youtube.com/watch?v=lx176zI25B8"", ""Yeh Ajooba, https://www.youtube.com/watch?v=8O5bQwqqjRs"", ""Barsaat Hai Lagne Laga Hai Dar, https://www.youtube.com/watch?v=rhm5Ep1usFo"", ""Kuch Dard, https://www.youtube.com/watch?v=3AsbWBu4K5Q"", ""Mohabbat Ho Chuki Hai, https://www.youtube.com/watch?v=6sTkXLQSvcA""]"
20060326,"[""Malamaal Weekly, https://en.wikipedia.org/wiki/Malamaal_Weekly"", ""Souten: The Other Woman, https://en.wikipedia.org/wiki/Souten:_The_Other_Woman""]","[""Hansani O Meri Hansani, https://www.youtube.com/watch?v=P--be4AvsyE"", ""Kismat Se Chalti Hai, https://www.youtube.com/watch?v=lx176zI25B8"", ""Yeh Ajooba, https://www.youtube.com/watch?v=8O5bQwqqjRs"", ""Barsaat Hai Lagne Laga Hai Dar, https://www.youtube.com/watch?v=rhm5Ep1usFo"", ""Kuch Dard, https://www.youtube.com/watch?v=3AsbWBu4K5Q"", ""Mohabbat Ho Chuki Hai, https://www.youtube.com/watch?v=6sTkXLQSvcA""]"
20060327,"[""Malamaal Weekly, https://en.wikipedia.org/wiki/Malamaal_Weekly"", ""Souten: The Other Woman, https://en.wikipedia.org/wiki/Souten:_The_Other_Woman""]","[""Hansani O Meri Hansani, https://www.youtube.com/watch?v=P--be4AvsyE"", ""Kismat Se Chalti Hai, https://www.youtube.com/watch?v=lx176zI25B8"", ""Yeh Ajooba, https://www.youtube.com/watch?v=8O5bQwqqjRs"", ""Barsaat Hai Lagne Laga Hai Dar, https://www.youtube.com/watch?v=rhm5Ep1usFo"", ""Kuch Dard, https://www.youtube.com/watch?v=3AsbWBu4K5Q"", ""Mohabbat Ho Chuki Hai, https://www.youtube.com/watch?v=6sTkXLQSvcA""]"
20060328,"[""Malamaal Weekly, https://en.wikipedia.org/wiki/Malamaal_Weekly"", ""Souten: The Other Woman, https://en.wikipedia.org/wiki/Souten:_The_Other_Woman""]","[""Hansani O Meri Hansani, https://www.youtube.com/watch?v=P--be4AvsyE"", ""Kismat Se Chalti Hai, https://www.youtube.com/watch?v=lx176zI25B8"", ""Yeh Ajooba, https://www.youtube.com/watch?v=8O5bQwqqjRs"", ""Barsaat Hai Lagne Laga Hai Dar, https://www.youtube.com/watch?v=rhm5Ep1usFo"", ""Kuch Dard, https://www.youtube.com/watch?v=3AsbWBu4K5Q"", ""Mohabbat Ho Chuki Hai, https://www.youtube.com/watch?v=6sTkXLQSvcA""]"
20060329,"[""Malamaal Weekly, https://en.wikipedia.org/wiki/Malamaal_Weekly"", ""Souten: The Other Woman, https://en.wikipedia.org/wiki/Souten:_The_Other_Woman""]","[""Hansani O Meri Hansani, https://www.youtube.com/watch?v=P--be4AvsyE"", ""Kismat Se Chalti Hai, https://www.youtube.com/watch?v=lx176zI25B8"", ""Yeh Ajooba, https://www.youtube.com/watch?v=8O5bQwqqjRs"", ""Barsaat Hai Lagne Laga Hai Dar, https://www.youtube.com/watch?v=rhm5Ep1usFo"", ""Kuch Dard, https://www.youtube.com/watch?v=3AsbWBu4K5Q"", ""Mohabbat Ho Chuki Hai, https://www.youtube.com/watch?v=6sTkXLQSvcA""]"
20060330,"[""Malamaal Weekly, https://en.wikipedia.org/wiki/Malamaal_Weekly"", ""Souten: The Other Woman, https://en.wikipedia.org/wiki/Souten:_The_Other_Woman""]","[""Hansani O Meri Hansani, https://www.youtube.com/watch?v=P--be4AvsyE"", ""Kismat Se Chalti Hai, https://www.youtube.com/watch?v=lx176zI25B8"", ""Yeh Ajooba, https://www.youtube.com/watch?v=8O5bQwqqjRs"", ""Barsaat Hai Lagne Laga Hai Dar, https://www.youtube.com/watch?v=rhm5Ep1usFo"", ""Kuch Dard, https://www.youtube.com/watch?v=3AsbWBu4K5Q"", ""Mohabbat Ho Chuki Hai, https://www.youtube.com/watch?v=6sTkXLQSvcA""]"
20060331,"[""Malamaal Weekly, https://en.wikipedia.org/wiki/Malamaal_Weekly"", ""Souten: The Other Woman, https://en.wikipedia.org/wiki/Souten:_The_Other_Woman""]","[""Hansani O Meri Hansani, https://www.youtube.com/watch?v=P--be4AvsyE"", ""Kismat Se Chalti Hai, https://www.youtube.com/watch?v=lx176zI25B8"", ""Yeh Ajooba, https://www.youtube.com/watch?v=8O5bQwqqjRs"", ""Barsaat Hai Lagne Laga Hai Dar, https://www.youtube.com/watch?v=rhm5Ep1usFo"", ""Kuch Dard, https://www.youtube.com/watch?v=3AsbWBu4K5Q"", ""Mohabbat Ho Chuki Hai, https://www.youtube.com/watch?v=6sTkXLQSvcA""]"
20060401,"[""Souten: The Other Woman, https://en.wikipedia.org/wiki/Souten:_The_Other_Woman""]","[""Barsaat Hai Lagne Laga Hai Dar, https://www.youtube.com/watch?v=rhm5Ep1usFo"", ""Kuch Dard, https://www.youtube.com/watch?v=3AsbWBu4K5Q"", ""Mohabbat Ho Chuki Hai, https://www.youtube.com/watch?v=6sTkXLQSvcA""]"
20060402,"[""Souten: The Other Woman, https://en.wikipedia.org/wiki/Souten:_The_Other_Woman""]","[""Barsaat Hai Lagne Laga Hai Dar, https://www.youtube.com/watch?v=rhm5Ep1usFo"", ""Kuch Dard, https://www.youtube.com/watch?v=3AsbWBu4K5Q"", ""Mohabbat Ho Chuki Hai, https://www.youtube.com/watch?v=6sTkXLQSvcA""]"
20060403,"[""Souten: The Other Woman, https://en.wikipedia.org/wiki/Souten:_The_Other_Woman""]","[""Barsaat Hai Lagne Laga Hai Dar, https://www.youtube.com/watch?v=rhm5Ep1usFo"", ""Kuch Dard, https://www.youtube.com/watch?v=3AsbWBu4K5Q"", ""Mohabbat Ho Chuki Hai, https://www.youtube.com/watch?v=6sTkXLQSvcA""]"
20060404,"[""Souten: The Other Woman, https://en.wikipedia.org/wiki/Souten:_The_Other_Woman""]","[""Barsaat Hai Lagne Laga Hai Dar, https://www.youtube.com/watch?v=rhm5Ep1usFo"", ""Kuch Dard, https://www.youtube.com/watch?v=3AsbWBu4K5Q"", ""Mohabbat Ho Chuki Hai, https://www.youtube.com/watch?v=6sTkXLQSvcA""]"
20060405,"[""Souten: The Other Woman, https://en.wikipedia.org/wiki/Souten:_The_Other_Woman""]","[""Barsaat Hai Lagne Laga Hai Dar, https://www.youtube.com/watch?v=rhm5Ep1usFo"", ""Kuch Dard, https://www.youtube.com/watch?v=3AsbWBu4K5Q"", ""Mohabbat Ho Chuki Hai, https://www.youtube.com/watch?v=6sTkXLQSvcA""]"
20060406,"[""Souten: The Other Woman, https://en.wikipedia.org/wiki/Souten:_The_Other_Woman""]","[""Barsaat Hai Lagne Laga Hai Dar, https://www.youtube.com/watch?v=rhm5Ep1usFo"", ""Kuch Dard, https://www.youtube.com/watch?v=3AsbWBu4K5Q"", ""Mohabbat Ho Chuki Hai, https://www.youtube.com/watch?v=6sTkXLQSvcA""]"
20060407,"[""Souten: The Other Woman, https://en.wikipedia.org/wiki/Souten:_The_Other_Woman""]","[""Barsaat Hai Lagne Laga Hai Dar, https://www.youtube.com/watch?v=rhm5Ep1usFo"", ""Kuch Dard, https://www.youtube.com/watch?v=3AsbWBu4K5Q"", ""Mohabbat Ho Chuki Hai, https://www.youtube.com/watch?v=6sTkXLQSvcA""]"
20060408,"[""Shaadi Se Pehle, https://en.wikipedia.org/wiki/Shaadi_Se_Pehle""]","[""Tere Liye, https://www.youtube.com/watch?v=UhZKgYQ_Z3Q"", ""Mundeya Aa Bhi Ja, https://www.youtube.com/watch?v=cwQR6r-c-5w"", ""Bijuriya, https://www.youtube.com/watch?v=fk_Q_N6OYfY""]"
20060409,"[""Shaadi Se Pehle, https://en.wikipedia.org/wiki/Shaadi_Se_Pehle""]","[""Tere Liye, https://www.youtube.com/watch?v=UhZKgYQ_Z3Q"", ""Mundeya Aa Bhi Ja, https://www.youtube.com/watch?v=cwQR6r-c-5w"", ""Bijuriya, https://www.youtube.com/watch?v=fk_Q_N6OYfY""]"
20060410,"[""Shaadi Se Pehle, https://en.wikipedia.org/wiki/Shaadi_Se_Pehle""]","[""Tere Liye, https://www.youtube.com/watch?v=UhZKgYQ_Z3Q"", ""Mundeya Aa Bhi Ja, https://www.youtube.com/watch?v=cwQR6r-c-5w"", ""Bijuriya, https://www.youtube.com/watch?v=fk_Q_N6OYfY""]"
20060411,"[""Shaadi Se Pehle, https://en.wikipedia.org/wiki/Shaadi_Se_Pehle""]","[""Tere Liye, https://www.youtube.com/watch?v=UhZKgYQ_Z3Q"", ""Mundeya Aa Bhi Ja, https://www.youtube.com/watch?v=cwQR6r-c-5w"", ""Bijuriya, https://www.youtube.com/watch?v=fk_Q_N6OYfY""]"
20060412,"[""Shaadi Se Pehle, https://en.wikipedia.org/wiki/Shaadi_Se_Pehle""]","[""Tere Liye, https://www.youtube.com/watch?v=UhZKgYQ_Z3Q"", ""Mundeya Aa Bhi Ja, https://www.youtube.com/watch?v=cwQR6r-c-5w"", ""Bijuriya, https://www.youtube.com/watch?v=fk_Q_N6OYfY""]"
20060413,"[""Shaadi Se Pehle, https://en.wikipedia.org/wiki/Shaadi_Se_Pehle""]","[""Tere Liye, https://www.youtube.com/watch?v=UhZKgYQ_Z3Q"", ""Mundeya Aa Bhi Ja, https://www.youtube.com/watch?v=cwQR6r-c-5w"", ""Bijuriya, https://www.youtube.com/watch?v=fk_Q_N6OYfY""]"
20060414,"[""Shaadi Se Pehle, https://en.wikipedia.org/wiki/Shaadi_Se_Pehle""]","[""Tere Liye, https://www.youtube.com/watch?v=UhZKgYQ_Z3Q"", ""Mundeya Aa Bhi Ja, https://www.youtube.com/watch?v=cwQR6r-c-5w"", ""Bijuriya, https://www.youtube.com/watch?v=fk_Q_N6OYfY""]"
20060415,"[""Humko Deewana Kar Gaye, https://en.wikipedia.org/wiki/Humko_Deewana_Kar_Gaye""]","[""Humko Deewana Kar Gaye, https://www.youtube.com/watch?v=SF_cCyz6QQg"", ""Tum Saanson Mein, https://www.youtube.com/watch?v=YixKjXWLKqs"", ""Fana Fanah Ye Dil Hua Fanah, https://www.youtube.com/watch?v=3uOCVmwfPrI"", ""Bhula Denge Tumko Sanam, https://www.youtube.com/watch?v=KLLe5JDDwW0""]"
20060416,"[""Humko Deewana Kar Gaye, https://en.wikipedia.org/wiki/Humko_Deewana_Kar_Gaye""]","[""Humko Deewana Kar Gaye, https://www.youtube.com/watch?v=SF_cCyz6QQg"", ""Tum Saanson Mein, https://www.youtube.com/watch?v=YixKjXWLKqs"", ""Fana Fanah Ye Dil Hua Fanah, https://www.youtube.com/watch?v=3uOCVmwfPrI"", ""Bhula Denge Tumko Sanam, https://www.youtube.com/watch?v=KLLe5JDDwW0""]"
20060417,"[""Humko Deewana Kar Gaye, https://en.wikipedia.org/wiki/Humko_Deewana_Kar_Gaye""]","[""Humko Deewana Kar Gaye, https://www.youtube.com/watch?v=SF_cCyz6QQg"", ""Tum Saanson Mein, https://www.youtube.com/watch?v=YixKjXWLKqs"", ""Fana Fanah Ye Dil Hua Fanah, https://www.youtube.com/watch?v=3uOCVmwfPrI"", ""Bhula Denge Tumko Sanam, https://www.youtube.com/watch?v=KLLe5JDDwW0""]"
20060418,"[""Humko Deewana Kar Gaye, https://en.wikipedia.org/wiki/Humko_Deewana_Kar_Gaye""]","[""Humko Deewana Kar Gaye, https://www.youtube.com/watch?v=SF_cCyz6QQg"", ""Tum Saanson Mein, https://www.youtube.com/watch?v=YixKjXWLKqs"", ""Fana Fanah Ye Dil Hua Fanah, https://www.youtube.com/watch?v=3uOCVmwfPrI"", ""Bhula Denge Tumko Sanam, https://www.youtube.com/watch?v=KLLe5JDDwW0""]"
20060419,"[""Humko Deewana Kar Gaye, https://en.wikipedia.org/wiki/Humko_Deewana_Kar_Gaye""]","[""Humko Deewana Kar Gaye, https://www.youtube.com/watch?v=SF_cCyz6QQg"", ""Tum Saanson Mein, https://www.youtube.com/watch?v=YixKjXWLKqs"", ""Fana Fanah Ye Dil Hua Fanah, https://www.youtube.com/watch?v=3uOCVmwfPrI"", ""Bhula Denge Tumko Sanam, https://www.youtube.com/watch?v=KLLe5JDDwW0""]"
20060420,"[""Humko Deewana Kar Gaye, https://en.wikipedia.org/wiki/Humko_Deewana_Kar_Gaye""]","[""Humko Deewana Kar Gaye, https://www.youtube.com/watch?v=SF_cCyz6QQg"", ""Tum Saanson Mein, https://www.youtube.com/watch?v=YixKjXWLKqs"", ""Fana Fanah Ye Dil Hua Fanah, https://www.youtube.com/watch?v=3uOCVmwfPrI"", ""Bhula Denge Tumko Sanam, https://www.youtube.com/watch?v=KLLe5JDDwW0""]"
20060421,"[""36 China Town, https://en.wikipedia.org/wiki/36_China_Town""]","[""Aa Aa Aashiqui Mein Teri Ja Ja Jayegi Ja Meri, https://www.youtube.com/watch?v=ZHqaUoJtmCM"", ""Badi Dil Chaspi Hai, https://www.youtube.com/watch?v=lyn8HBUK0fQ"", ""24 X 7 I Think Of You, https://www.youtube.com/watch?v=UcFwgcE93MQ"", ""Dil Tumhare Bina, https://www.youtube.com/watch?v=Qzyqbo8ajgI""]"
20060422,"[""36 China Town, https://en.wikipedia.org/wiki/36_China_Town""]","[""Aa Aa Aashiqui Mein Teri Ja Ja Jayegi Ja Meri, https://www.youtube.com/watch?v=ZHqaUoJtmCM"", ""Badi Dil Chaspi Hai, https://www.youtube.com/watch?v=lyn8HBUK0fQ"", ""24 X 7 I Think Of You, https://www.youtube.com/watch?v=UcFwgcE93MQ"", ""Dil Tumhare Bina, https://www.youtube.com/watch?v=Qzyqbo8ajgI""]"
20060423,"[""36 China Town, https://en.wikipedia.org/wiki/36_China_Town""]","[""Aa Aa Aashiqui Mein Teri Ja Ja Jayegi Ja Meri, https://www.youtube.com/watch?v=ZHqaUoJtmCM"", ""Badi Dil Chaspi Hai, https://www.youtube.com/watch?v=lyn8HBUK0fQ"", ""24 X 7 I Think Of You, https://www.youtube.com/watch?v=UcFwgcE93MQ"", ""Dil Tumhare Bina, https://www.youtube.com/watch?v=Qzyqbo8ajgI""]"
20060424,"[""36 China Town, https://en.wikipedia.org/wiki/36_China_Town""]","[""Aa Aa Aashiqui Mein Teri Ja Ja Jayegi Ja Meri, https://www.youtube.com/watch?v=ZHqaUoJtmCM"", ""Badi Dil Chaspi Hai, https://www.youtube.com/watch?v=lyn8HBUK0fQ"", ""24 X 7 I Think Of You, https://www.youtube.com/watch?v=UcFwgcE93MQ"", ""Dil Tumhare Bina, https://www.youtube.com/watch?v=Qzyqbo8ajgI""]"
20060425,"[""36 China Town, https://en.wikipedia.org/wiki/36_China_Town""]","[""Aa Aa Aashiqui Mein Teri Ja Ja Jayegi Ja Meri, https://www.youtube.com/watch?v=ZHqaUoJtmCM"", ""Badi Dil Chaspi Hai, https://www.youtube.com/watch?v=lyn8HBUK0fQ"", ""24 X 7 I Think Of You, https://www.youtube.com/watch?v=UcFwgcE93MQ"", ""Dil Tumhare Bina, https://www.youtube.com/watch?v=Qzyqbo8ajgI""]"
20060426,"[""36 China Town, https://en.wikipedia.org/wiki/36_China_Town""]","[""Aa Aa Aashiqui Mein Teri Ja Ja Jayegi Ja Meri, https://www.youtube.com/watch?v=ZHqaUoJtmCM"", ""Badi Dil Chaspi Hai, https://www.youtube.com/watch?v=lyn8HBUK0fQ"", ""24 X 7 I Think Of You, https://www.youtube.com/watch?v=UcFwgcE93MQ"", ""Dil Tumhare Bina, https://www.youtube.com/watch?v=Qzyqbo8ajgI""]"
20060427,"[""36 China Town, https://en.wikipedia.org/wiki/36_China_Town""]","[""Aa Aa Aashiqui Mein Teri Ja Ja Jayegi Ja Meri, https://www.youtube.com/watch?v=ZHqaUoJtmCM"", ""Badi Dil Chaspi Hai, https://www.youtube.com/watch?v=lyn8HBUK0fQ"", ""24 X 7 I Think Of You, https://www.youtube.com/watch?v=UcFwgcE93MQ"", ""Dil Tumhare Bina, https://www.youtube.com/watch?v=Qzyqbo8ajgI""]"
20060428,"[""36 China Town, https://en.wikipedia.org/wiki/36_China_Town""]","[""Aa Aa Aashiqui Mein Teri Ja Ja Jayegi Ja Meri, https://www.youtube.com/watch?v=ZHqaUoJtmCM"", ""Badi Dil Chaspi Hai, https://www.youtube.com/watch?v=lyn8HBUK0fQ"", ""24 X 7 I Think Of You, https://www.youtube.com/watch?v=UcFwgcE93MQ"", ""Dil Tumhare Bina, https://www.youtube.com/watch?v=Qzyqbo8ajgI""]"
20060429,"[""36 China Town, https://en.wikipedia.org/wiki/36_China_Town""]","[""Aa Aa Aashiqui Mein Teri Ja Ja Jayegi Ja Meri, https://www.youtube.com/watch?v=ZHqaUoJtmCM"", ""Badi Dil Chaspi Hai, https://www.youtube.com/watch?v=lyn8HBUK0fQ"", ""24 X 7 I Think Of You, https://www.youtube.com/watch?v=UcFwgcE93MQ"", ""Dil Tumhare Bina, https://www.youtube.com/watch?v=Qzyqbo8ajgI""]"
20060430,"[""36 China Town, https://en.wikipedia.org/wiki/36_China_Town""]","[""Aa Aa Aashiqui Mein Teri Ja Ja Jayegi Ja Meri, https://www.youtube.com/watch?v=ZHqaUoJtmCM"", ""Badi Dil Chaspi Hai, https://www.youtube.com/watch?v=lyn8HBUK0fQ"", ""24 X 7 I Think Of You, https://www.youtube.com/watch?v=UcFwgcE93MQ"", ""Dil Tumhare Bina, https://www.youtube.com/watch?v=Qzyqbo8ajgI""]"
20060501,"[""Gangster: A Love Story, https://en.wikipedia.org/wiki/Gangster:_A_Love_Story"", ""Tom, Dick, and Harry, https://en.wikipedia.org/wiki/Tom,_Dick,_and_Harry_(2006_film)""]","[""Tu Hi Meri Shab Hai, https://www.youtube.com/watch?v=mWBvudKcByg"", ""Bheegi Bheegi, https://www.youtube.com/watch?v=_RZwGzElnIs"", ""Lamha Lamha, https://www.youtube.com/watch?v=lEpRrV0Wl_g""]"
20060502,"[""Gangster: A Love Story, https://en.wikipedia.org/wiki/Gangster:_A_Love_Story"", ""Tom, Dick, and Harry, https://en.wikipedia.org/wiki/Tom,_Dick,_and_Harry_(2006_film)""]","[""Tu Hi Meri Shab Hai, https://www.youtube.com/watch?v=mWBvudKcByg"", ""Bheegi Bheegi, https://www.youtube.com/watch?v=_RZwGzElnIs"", ""Lamha Lamha, https://www.youtube.com/watch?v=lEpRrV0Wl_g""]"
20060503,"[""Gangster: A Love Story, https://en.wikipedia.org/wiki/Gangster:_A_Love_Story"", ""Tom, Dick, and Harry, https://en.wikipedia.org/wiki/Tom,_Dick,_and_Harry_(2006_film)""]","[""Tu Hi Meri Shab Hai, https://www.youtube.com/watch?v=mWBvudKcByg"", ""Bheegi Bheegi, https://www.youtube.com/watch?v=_RZwGzElnIs"", ""Lamha Lamha, https://www.youtube.com/watch?v=lEpRrV0Wl_g""]"
20060504,"[""Gangster: A Love Story, https://en.wikipedia.org/wiki/Gangster:_A_Love_Story"", ""Tom, Dick, and Harry, https://en.wikipedia.org/wiki/Tom,_Dick,_and_Harry_(2006_film)""]","[""Tu Hi Meri Shab Hai, https://www.youtube.com/watch?v=mWBvudKcByg"", ""Bheegi Bheegi, https://www.youtube.com/watch?v=_RZwGzElnIs"", ""Lamha Lamha, https://www.youtube.com/watch?v=lEpRrV0Wl_g""]"
20060505,"[""Gangster: A Love Story, https://en.wikipedia.org/wiki/Gangster:_A_Love_Story"", ""Tom, Dick, and Harry, https://en.wikipedia.org/wiki/Tom,_Dick,_and_Harry_(2006_film)""]","[""Tu Hi Meri Shab Hai, https://www.youtube.com/watch?v=mWBvudKcByg"", ""Bheegi Bheegi, https://www.youtube.com/watch?v=_RZwGzElnIs"", ""Lamha Lamha, https://www.youtube.com/watch?v=lEpRrV0Wl_g""]"
20060506,"[""Gangster: A Love Story, https://en.wikipedia.org/wiki/Gangster:_A_Love_Story"", ""Tom, Dick, and Harry, https://en.wikipedia.org/wiki/Tom,_Dick,_and_Harry_(2006_film)""]","[""Tu Hi Meri Shab Hai, https://www.youtube.com/watch?v=mWBvudKcByg"", ""Bheegi Bheegi, https://www.youtube.com/watch?v=_RZwGzElnIs"", ""Lamha Lamha, https://www.youtube.com/watch?v=lEpRrV0Wl_g""]"
20060507,"[""Gangster: A Love Story, https://en.wikipedia.org/wiki/Gangster:_A_Love_Story"", ""Tom, Dick, and Harry, https://en.wikipedia.org/wiki/Tom,_Dick,_and_Harry_(2006_film)""]","[""Tu Hi Meri Shab Hai, https://www.youtube.com/watch?v=mWBvudKcByg"", ""Bheegi Bheegi, https://www.youtube.com/watch?v=_RZwGzElnIs"", ""Lamha Lamha, https://www.youtube.com/watch?v=lEpRrV0Wl_g""]"
20060508,"[""Gangster: A Love Story, https://en.wikipedia.org/wiki/Gangster:_A_Love_Story"", ""Tom, Dick, and Harry, https://en.wikipedia.org/wiki/Tom,_Dick,_and_Harry_(2006_film)""]","[""Tu Hi Meri Shab Hai, https://www.youtube.com/watch?v=mWBvudKcByg"", ""Bheegi Bheegi, https://www.youtube.com/watch?v=_RZwGzElnIs"", ""Lamha Lamha, https://www.youtube.com/watch?v=lEpRrV0Wl_g""]"
20060509,"[""Gangster: A Love Story, https://en.wikipedia.org/wiki/Gangster:_A_Love_Story"", ""Tom, Dick, and Harry, https://en.wikipedia.org/wiki/Tom,_Dick,_and_Harry_(2006_film)""]","[""Tu Hi Meri Shab Hai, https://www.youtube.com/watch?v=mWBvudKcByg"", ""Bheegi Bheegi, https://www.youtube.com/watch?v=_RZwGzElnIs"", ""Lamha Lamha, https://www.youtube.com/watch?v=lEpRrV0Wl_g""]"
20060510,"[""Gangster: A Love Story, https://en.wikipedia.org/wiki/Gangster:_A_Love_Story"", ""Tom, Dick, and Harry, https://en.wikipedia.org/wiki/Tom,_Dick,_and_Harry_(2006_film)""]","[""Tu Hi Meri Shab Hai, https://www.youtube.com/watch?v=mWBvudKcByg"", ""Bheegi Bheegi, https://www.youtube.com/watch?v=_RZwGzElnIs"", ""Lamha Lamha, https://www.youtube.com/watch?v=lEpRrV0Wl_g""]"
20060511,"[""Gangster: A Love Story, https://en.wikipedia.org/wiki/Gangster:_A_Love_Story"", ""Tom, Dick, and Harry, https://en.wikipedia.org/wiki/Tom,_Dick,_and_Harry_(2006_film)""]","[""Tu Hi Meri Shab Hai, https://www.youtube.com/watch?v=mWBvudKcByg"", ""Bheegi Bheegi, https://www.youtube.com/watch?v=_RZwGzElnIs"", ""Lamha Lamha, https://www.youtube.com/watch?v=lEpRrV0Wl_g""]"
20060512,"[""Gangster: A Love Story, https://en.wikipedia.org/wiki/Gangster:_A_Love_Story"", ""Tom, Dick, and Harry, https://en.wikipedia.org/wiki/Tom,_Dick,_and_Harry_(2006_film)""]","[""Tu Hi Meri Shab Hai, https://www.youtube.com/watch?v=mWBvudKcByg"", ""Bheegi Bheegi, https://www.youtube.com/watch?v=_RZwGzElnIs"", ""Lamha Lamha, https://www.youtube.com/watch?v=lEpRrV0Wl_g""]"
20060513,"[""Tom, Dick, and Harry, https://en.wikipedia.org/wiki/Tom,_Dick,_and_Harry_(2006_film)"", ""Tathastu, https://en.wikipedia.org/wiki/Tathastu""]","[""Jhoom Jhoom, https://www.youtube.com/watch?v=TMiHf8b4fCA"", ""Tanha Ji, https://www.youtube.com/watch?v=NJD5oPvlsCw"", ""Tere Sang Ishq, https://www.youtube.com/watch?v=aXjB1cpeBbg"", ""ALLAH O ALI, https://www.youtube.com/watch?v=wuWH4SD5oFI""]"
20060514,"[""Tom, Dick, and Harry, https://en.wikipedia.org/wiki/Tom,_Dick,_and_Harry_(2006_film)"", ""Tathastu, https://en.wikipedia.org/wiki/Tathastu""]","[""Jhoom Jhoom, https://www.youtube.com/watch?v=TMiHf8b4fCA"", ""Tanha Ji, https://www.youtube.com/watch?v=NJD5oPvlsCw"", ""Tere Sang Ishq, https://www.youtube.com/watch?v=aXjB1cpeBbg"", ""ALLAH O ALI, https://www.youtube.com/watch?v=wuWH4SD5oFI""]"
20060515,"[""Tom, Dick, and Harry, https://en.wikipedia.org/wiki/Tom,_Dick,_and_Harry_(2006_film)"", ""Tathastu, https://en.wikipedia.org/wiki/Tathastu""]","[""Jhoom Jhoom, https://www.youtube.com/watch?v=TMiHf8b4fCA"", ""Tanha Ji, https://www.youtube.com/watch?v=NJD5oPvlsCw"", ""Tere Sang Ishq, https://www.youtube.com/watch?v=aXjB1cpeBbg"", ""ALLAH O ALI, https://www.youtube.com/watch?v=wuWH4SD5oFI""]"
20060516,"[""Tom, Dick, and Harry, https://en.wikipedia.org/wiki/Tom,_Dick,_and_Harry_(2006_film)"", ""Tathastu, https://en.wikipedia.org/wiki/Tathastu""]","[""Jhoom Jhoom, https://www.youtube.com/watch?v=TMiHf8b4fCA"", ""Tanha Ji, https://www.youtube.com/watch?v=NJD5oPvlsCw"", ""Tere Sang Ishq, https://www.youtube.com/watch?v=aXjB1cpeBbg"", ""ALLAH O ALI, https://www.youtube.com/watch?v=wuWH4SD5oFI""]"
20060517,"[""Tom, Dick, and Harry, https://en.wikipedia.org/wiki/Tom,_Dick,_and_Harry_(2006_film)"", ""Tathastu, https://en.wikipedia.org/wiki/Tathastu""]","[""Jhoom Jhoom, https://www.youtube.com/watch?v=TMiHf8b4fCA"", ""Tanha Ji, https://www.youtube.com/watch?v=NJD5oPvlsCw"", ""Tere Sang Ishq, https://www.youtube.com/watch?v=aXjB1cpeBbg"", ""ALLAH O ALI, https://www.youtube.com/watch?v=wuWH4SD5oFI""]"
20060518,"[""Tom, Dick, and Harry, https://en.wikipedia.org/wiki/Tom,_Dick,_and_Harry_(2006_film)"", ""Tathastu, https://en.wikipedia.org/wiki/Tathastu""]","[""Jhoom Jhoom, https://www.youtube.com/watch?v=TMiHf8b4fCA"", ""Tanha Ji, https://www.youtube.com/watch?v=NJD5oPvlsCw"", ""Tere Sang Ishq, https://www.youtube.com/watch?v=aXjB1cpeBbg"", ""ALLAH O ALI, https://www.youtube.com/watch?v=wuWH4SD5oFI""]"
20060519,"[""Tom, Dick, and Harry, https://en.wikipedia.org/wiki/Tom,_Dick,_and_Harry_(2006_film)"", ""Tathastu, https://en.wikipedia.org/wiki/Tathastu""]","[""Jhoom Jhoom, https://www.youtube.com/watch?v=TMiHf8b4fCA"", ""Tanha Ji, https://www.youtube.com/watch?v=NJD5oPvlsCw"", ""Tere Sang Ishq, https://www.youtube.com/watch?v=aXjB1cpeBbg"", ""ALLAH O ALI, https://www.youtube.com/watch?v=wuWH4SD5oFI""]"
20060520,"[""Tom, Dick, and Harry, https://en.wikipedia.org/wiki/Tom,_Dick,_and_Harry_(2006_film)"", ""Tathastu, https://en.wikipedia.org/wiki/Tathastu""]","[""Jhoom Jhoom, https://www.youtube.com/watch?v=TMiHf8b4fCA"", ""Tanha Ji, https://www.youtube.com/watch?v=NJD5oPvlsCw"", ""Tere Sang Ishq, https://www.youtube.com/watch?v=aXjB1cpeBbg"", ""ALLAH O ALI, https://www.youtube.com/watch?v=wuWH4SD5oFI""]"
20060521,"[""Tom, Dick, and Harry, https://en.wikipedia.org/wiki/Tom,_Dick,_and_Harry_(2006_film)"", ""Tathastu, https://en.wikipedia.org/wiki/Tathastu""]","[""Jhoom Jhoom, https://www.youtube.com/watch?v=TMiHf8b4fCA"", ""Tanha Ji, https://www.youtube.com/watch?v=NJD5oPvlsCw"", ""Tere Sang Ishq, https://www.youtube.com/watch?v=aXjB1cpeBbg"", ""ALLAH O ALI, https://www.youtube.com/watch?v=wuWH4SD5oFI""]"
20060522,"[""Tom, Dick, and Harry, https://en.wikipedia.org/wiki/Tom,_Dick,_and_Harry_(2006_film)"", ""Tathastu, https://en.wikipedia.org/wiki/Tathastu""]","[""Jhoom Jhoom, https://www.youtube.com/watch?v=TMiHf8b4fCA"", ""Tanha Ji, https://www.youtube.com/watch?v=NJD5oPvlsCw"", ""Tere Sang Ishq, https://www.youtube.com/watch?v=aXjB1cpeBbg"", ""ALLAH O ALI, https://www.youtube.com/watch?v=wuWH4SD5oFI""]"
20060523,"[""Tom, Dick, and Harry, https://en.wikipedia.org/wiki/Tom,_Dick,_and_Harry_(2006_film)"", ""Tathastu, https://en.wikipedia.org/wiki/Tathastu""]","[""Jhoom Jhoom, https://www.youtube.com/watch?v=TMiHf8b4fCA"", ""Tanha Ji, https://www.youtube.com/watch?v=NJD5oPvlsCw"", ""Tere Sang Ishq, https://www.youtube.com/watch?v=aXjB1cpeBbg"", ""ALLAH O ALI, https://www.youtube.com/watch?v=wuWH4SD5oFI""]"
20060524,"[""Tom, Dick, and Harry, https://en.wikipedia.org/wiki/Tom,_Dick,_and_Harry_(2006_film)"", ""Tathastu, https://en.wikipedia.org/wiki/Tathastu""]","[""Jhoom Jhoom, https://www.youtube.com/watch?v=TMiHf8b4fCA"", ""Tanha Ji, https://www.youtube.com/watch?v=NJD5oPvlsCw"", ""Tere Sang Ishq, https://www.youtube.com/watch?v=aXjB1cpeBbg"", ""ALLAH O ALI, https://www.youtube.com/watch?v=wuWH4SD5oFI""]"
20060525,"[""Tom, Dick, and Harry, https://en.wikipedia.org/wiki/Tom,_Dick,_and_Harry_(2006_film)"", ""Tathastu, https://en.wikipedia.org/wiki/Tathastu""]","[""Jhoom Jhoom, https://www.youtube.com/watch?v=TMiHf8b4fCA"", ""Tanha Ji, https://www.youtube.com/watch?v=NJD5oPvlsCw"", ""Tere Sang Ishq, https://www.youtube.com/watch?v=aXjB1cpeBbg"", ""ALLAH O ALI, https://www.youtube.com/watch?v=wuWH4SD5oFI""]"
20060526,"[""Ankahee, https://en.wikipedia.org/wiki/Ankahee_(2006_film)"", ""Fanna, https://en.wikipedia.org/wiki/Fanaa_(2006_film)""]","[""Chand Sifarish, https://www.youtube.com/watch?v=zWEOx7TSM6I"", ""Mere Haath Mein, https://www.youtube.com/watch?v=qtz5mpvgAM0"", ""Dekho Na, https://www.youtube.com/watch?v=v4h5iPlxj0c"", ""Des Rangila, https://www.youtube.com/watch?v=drlfr5Rtb1o""]"
20060527,"[""Ankahee, https://en.wikipedia.org/wiki/Ankahee_(2006_film)"", ""Fanna, https://en.wikipedia.org/wiki/Fanaa_(2006_film)""]","[""Chand Sifarish, https://www.youtube.com/watch?v=zWEOx7TSM6I"", ""Mere Haath Mein, https://www.youtube.com/watch?v=qtz5mpvgAM0"", ""Dekho Na, https://www.youtube.com/watch?v=v4h5iPlxj0c"", ""Des Rangila, https://www.youtube.com/watch?v=drlfr5Rtb1o""]"
20060528,"[""Ankahee, https://en.wikipedia.org/wiki/Ankahee_(2006_film)"", ""Fanna, https://en.wikipedia.org/wiki/Fanaa_(2006_film)""]","[""Chand Sifarish, https://www.youtube.com/watch?v=zWEOx7TSM6I"", ""Mere Haath Mein, https://www.youtube.com/watch?v=qtz5mpvgAM0"", ""Dekho Na, https://www.youtube.com/watch?v=v4h5iPlxj0c"", ""Des Rangila, https://www.youtube.com/watch?v=drlfr5Rtb1o""]"
20060529,"[""Ankahee, https://en.wikipedia.org/wiki/Ankahee_(2006_film)"", ""Fanna, https://en.wikipedia.org/wiki/Fanaa_(2006_film)""]","[""Chand Sifarish, https://www.youtube.com/watch?v=zWEOx7TSM6I"", ""Mere Haath Mein, https://www.youtube.com/watch?v=qtz5mpvgAM0"", ""Dekho Na, https://www.youtube.com/watch?v=v4h5iPlxj0c"", ""Des Rangila, https://www.youtube.com/watch?v=drlfr5Rtb1o""]"
20060530,"[""Ankahee, https://en.wikipedia.org/wiki/Ankahee_(2006_film)"", ""Fanna, https://en.wikipedia.org/wiki/Fanaa_(2006_film)""]","[""Chand Sifarish, https://www.youtube.com/watch?v=zWEOx7TSM6I"", ""Mere Haath Mein, https://www.youtube.com/watch?v=qtz5mpvgAM0"", ""Dekho Na, https://www.youtube.com/watch?v=v4h5iPlxj0c"", ""Des Rangila, https://www.youtube.com/watch?v=drlfr5Rtb1o""]"
20060531,"[""Ankahee, https://en.wikipedia.org/wiki/Ankahee_(2006_film)"", ""Fanna, https://en.wikipedia.org/wiki/Fanaa_(2006_film)""]","[""Chand Sifarish, https://www.youtube.com/watch?v=zWEOx7TSM6I"", ""Mere Haath Mein, https://www.youtube.com/watch?v=qtz5mpvgAM0"", ""Dekho Na, https://www.youtube.com/watch?v=v4h5iPlxj0c"", ""Des Rangila, https://www.youtube.com/watch?v=drlfr5Rtb1o""]"
20060601,"[""Fanna, https://en.wikipedia.org/wiki/Fanaa_(2006_film)""]","[""Chand Sifarish, https://www.youtube.com/watch?v=zWEOx7TSM6I"", ""Mere Haath Mein, https://www.youtube.com/watch?v=qtz5mpvgAM0"", ""Dekho Na, https://www.youtube.com/watch?v=v4h5iPlxj0c"", ""Des Rangila, https://www.youtube.com/watch?v=drlfr5Rtb1o""]"
20060602,"[""Fanna, https://en.wikipedia.org/wiki/Fanaa_(2006_film)""]","[""Chand Sifarish, https://www.youtube.com/watch?v=zWEOx7TSM6I"", ""Mere Haath Mein, https://www.youtube.com/watch?v=qtz5mpvgAM0"", ""Dekho Na, https://www.youtube.com/watch?v=v4h5iPlxj0c"", ""Des Rangila, https://www.youtube.com/watch?v=drlfr5Rtb1o""]"
20060603,"[""Fanna, https://en.wikipedia.org/wiki/Fanaa_(2006_film)""]","[""Chand Sifarish, https://www.youtube.com/watch?v=zWEOx7TSM6I"", ""Mere Haath Mein, https://www.youtube.com/watch?v=qtz5mpvgAM0"", ""Dekho Na, https://www.youtube.com/watch?v=v4h5iPlxj0c"", ""Des Rangila, https://www.youtube.com/watch?v=drlfr5Rtb1o""]"
20060604,"[""Fanna, https://en.wikipedia.org/wiki/Fanaa_(2006_film)""]","[""Chand Sifarish, https://www.youtube.com/watch?v=zWEOx7TSM6I"", ""Mere Haath Mein, https://www.youtube.com/watch?v=qtz5mpvgAM0"", ""Dekho Na, https://www.youtube.com/watch?v=v4h5iPlxj0c"", ""Des Rangila, https://www.youtube.com/watch?v=drlfr5Rtb1o""]"
20060605,"[""Fanna, https://en.wikipedia.org/wiki/Fanaa_(2006_film)""]","[""Chand Sifarish, https://www.youtube.com/watch?v=zWEOx7TSM6I"", ""Mere Haath Mein, https://www.youtube.com/watch?v=qtz5mpvgAM0"", ""Dekho Na, https://www.youtube.com/watch?v=v4h5iPlxj0c"", ""Des Rangila, https://www.youtube.com/watch?v=drlfr5Rtb1o""]"
20060606,"[""Fanna, https://en.wikipedia.org/wiki/Fanaa_(2006_film)"", ""Chup Chup Ke, https://en.wikipedia.org/wiki/Chup_Chup_Ke""]","[""Chand Sifarish, https://www.youtube.com/watch?v=zWEOx7TSM6I"", ""Mere Haath Mein, https://www.youtube.com/watch?v=qtz5mpvgAM0"", ""Dekho Na, https://www.youtube.com/watch?v=v4h5iPlxj0c"", ""Des Rangila, https://www.youtube.com/watch?v=drlfr5Rtb1o""]"
20060607,"[""Fanna, https://en.wikipedia.org/wiki/Fanaa_(2006_film)"", ""Chup Chup Ke, https://en.wikipedia.org/wiki/Chup_Chup_Ke""]","[""Chand Sifarish, https://www.youtube.com/watch?v=zWEOx7TSM6I"", ""Mere Haath Mein, https://www.youtube.com/watch?v=qtz5mpvgAM0"", ""Dekho Na, https://www.youtube.com/watch?v=v4h5iPlxj0c"", ""Des Rangila, https://www.youtube.com/watch?v=drlfr5Rtb1o""]"
20060608,"[""Fanna, https://en.wikipedia.org/wiki/Fanaa_(2006_film)"", ""Chup Chup Ke, https://en.wikipedia.org/wiki/Chup_Chup_Ke""]","[""Chand Sifarish, https://www.youtube.com/watch?v=zWEOx7TSM6I"", ""Mere Haath Mein, https://www.youtube.com/watch?v=qtz5mpvgAM0"", ""Dekho Na, https://www.youtube.com/watch?v=v4h5iPlxj0c"", ""Des Rangila, https://www.youtube.com/watch?v=drlfr5Rtb1o""]"
20060609,"[""Fanna, https://en.wikipedia.org/wiki/Fanaa_(2006_film)"", ""Chup Chup Ke, https://en.wikipedia.org/wiki/Chup_Chup_Ke""]","[""Chand Sifarish, https://www.youtube.com/watch?v=zWEOx7TSM6I"", ""Mere Haath Mein, https://www.youtube.com/watch?v=qtz5mpvgAM0"", ""Dekho Na, https://www.youtube.com/watch?v=v4h5iPlxj0c"", ""Des Rangila, https://www.youtube.com/watch?v=drlfr5Rtb1o""]"
20060610,"[""Fanna, https://en.wikipedia.org/wiki/Fanaa_(2006_film)"", ""Chup Chup Ke, https://en.wikipedia.org/wiki/Chup_Chup_Ke""]","[""Chand Sifarish, https://www.youtube.com/watch?v=zWEOx7TSM6I"", ""Mere Haath Mein, https://www.youtube.com/watch?v=qtz5mpvgAM0"", ""Dekho Na, https://www.youtube.com/watch?v=v4h5iPlxj0c"", ""Des Rangila, https://www.youtube.com/watch?v=drlfr5Rtb1o""]"
20060611,"[""Fanna, https://en.wikipedia.org/wiki/Fanaa_(2006_film)"", ""Chup Chup Ke, https://en.wikipedia.org/wiki/Chup_Chup_Ke""]","[""Chand Sifarish, https://www.youtube.com/watch?v=zWEOx7TSM6I"", ""Mere Haath Mein, https://www.youtube.com/watch?v=qtz5mpvgAM0"", ""Dekho Na, https://www.youtube.com/watch?v=v4h5iPlxj0c"", ""Des Rangila, https://www.youtube.com/watch?v=drlfr5Rtb1o""]"
20060612,"[""Fanna, https://en.wikipedia.org/wiki/Fanaa_(2006_film)"", ""Chup Chup Ke, https://en.wikipedia.org/wiki/Chup_Chup_Ke""]","[""Chand Sifarish, https://www.youtube.com/watch?v=zWEOx7TSM6I"", ""Mere Haath Mein, https://www.youtube.com/watch?v=qtz5mpvgAM0"", ""Dekho Na, https://www.youtube.com/watch?v=v4h5iPlxj0c"", ""Des Rangila, https://www.youtube.com/watch?v=drlfr5Rtb1o""]"
20060613,"[""Fanna, https://en.wikipedia.org/wiki/Fanaa_(2006_film)"", ""Chup Chup Ke, https://en.wikipedia.org/wiki/Chup_Chup_Ke""]","[""Chand Sifarish, https://www.youtube.com/watch?v=zWEOx7TSM6I"", ""Mere Haath Mein, https://www.youtube.com/watch?v=qtz5mpvgAM0"", ""Dekho Na, https://www.youtube.com/watch?v=v4h5iPlxj0c"", ""Des Rangila, https://www.youtube.com/watch?v=drlfr5Rtb1o""]"
20060614,"[""Fanna, https://en.wikipedia.org/wiki/Fanaa_(2006_film)"", ""Chup Chup Ke, https://en.wikipedia.org/wiki/Chup_Chup_Ke""]","[""Chand Sifarish, https://www.youtube.com/watch?v=zWEOx7TSM6I"", ""Mere Haath Mein, https://www.youtube.com/watch?v=qtz5mpvgAM0"", ""Dekho Na, https://www.youtube.com/watch?v=v4h5iPlxj0c"", ""Des Rangila, https://www.youtube.com/watch?v=drlfr5Rtb1o""]"
20060615,"[""Fanna, https://en.wikipedia.org/wiki/Fanaa_(2006_film)"", ""Chup Chup Ke, https://en.wikipedia.org/wiki/Chup_Chup_Ke""]","[""Chand Sifarish, https://www.youtube.com/watch?v=zWEOx7TSM6I"", ""Mere Haath Mein, https://www.youtube.com/watch?v=qtz5mpvgAM0"", ""Dekho Na, https://www.youtube.com/watch?v=v4h5iPlxj0c"", ""Des Rangila, https://www.youtube.com/watch?v=drlfr5Rtb1o""]"
20060616,"[""Phir Hera Pheri, https://en.wikipedia.org/wiki/Phir_Hera_Pheri""]","[""Mujhko Yaad Sataye Teri, https://www.youtube.com/watch?v=3f8tFtcuIkI"", ""O Meri Zohrajabeen, https://www.youtube.com/watch?v=9FPAdxhYZIc"", ""Dil De Diya, https://www.youtube.com/watch?v=0TKcqRMegjU"", ""Phir Hera Pheri, https://www.youtube.com/watch?v=gGZlSj8-P-I""]"
20060617,"[""Phir Hera Pheri, https://en.wikipedia.org/wiki/Phir_Hera_Pheri""]","[""Mujhko Yaad Sataye Teri, https://www.youtube.com/watch?v=3f8tFtcuIkI"", ""O Meri Zohrajabeen, https://www.youtube.com/watch?v=9FPAdxhYZIc"", ""Dil De Diya, https://www.youtube.com/watch?v=0TKcqRMegjU"", ""Phir Hera Pheri, https://www.youtube.com/watch?v=gGZlSj8-P-I""]"
20060618,"[""Phir Hera Pheri, https://en.wikipedia.org/wiki/Phir_Hera_Pheri""]","[""Mujhko Yaad Sataye Teri, https://www.youtube.com/watch?v=3f8tFtcuIkI"", ""O Meri Zohrajabeen, https://www.youtube.com/watch?v=9FPAdxhYZIc"", ""Dil De Diya, https://www.youtube.com/watch?v=0TKcqRMegjU"", ""Phir Hera Pheri, https://www.youtube.com/watch?v=gGZlSj8-P-I""]"
20060619,"[""Phir Hera Pheri, https://en.wikipedia.org/wiki/Phir_Hera_Pheri""]","[""Mujhko Yaad Sataye Teri, https://www.youtube.com/watch?v=3f8tFtcuIkI"", ""O Meri Zohrajabeen, https://www.youtube.com/watch?v=9FPAdxhYZIc"", ""Dil De Diya, https://www.youtube.com/watch?v=0TKcqRMegjU"", ""Phir Hera Pheri, https://www.youtube.com/watch?v=gGZlSj8-P-I""]"
20060620,"[""Phir Hera Pheri, https://en.wikipedia.org/wiki/Phir_Hera_Pheri""]","[""Mujhko Yaad Sataye Teri, https://www.youtube.com/watch?v=3f8tFtcuIkI"", ""O Meri Zohrajabeen, https://www.youtube.com/watch?v=9FPAdxhYZIc"", ""Dil De Diya, https://www.youtube.com/watch?v=0TKcqRMegjU"", ""Phir Hera Pheri, https://www.youtube.com/watch?v=gGZlSj8-P-I""]"
20060621,"[""Phir Hera Pheri, https://en.wikipedia.org/wiki/Phir_Hera_Pheri""]","[""Mujhko Yaad Sataye Teri, https://www.youtube.com/watch?v=3f8tFtcuIkI"", ""O Meri Zohrajabeen, https://www.youtube.com/watch?v=9FPAdxhYZIc"", ""Dil De Diya, https://www.youtube.com/watch?v=0TKcqRMegjU"", ""Phir Hera Pheri, https://www.youtube.com/watch?v=gGZlSj8-P-I""]"
20060622,"[""Phir Hera Pheri, https://en.wikipedia.org/wiki/Phir_Hera_Pheri""]","[""Mujhko Yaad Sataye Teri, https://www.youtube.com/watch?v=3f8tFtcuIkI"", ""O Meri Zohrajabeen, https://www.youtube.com/watch?v=9FPAdxhYZIc"", ""Dil De Diya, https://www.youtube.com/watch?v=0TKcqRMegjU"", ""Phir Hera Pheri, https://www.youtube.com/watch?v=gGZlSj8-P-I""]"
20060623,"[""Phir Hera Pheri, https://en.wikipedia.org/wiki/Phir_Hera_Pheri""]","[""Mujhko Yaad Sataye Teri, https://www.youtube.com/watch?v=3f8tFtcuIkI"", ""O Meri Zohrajabeen, https://www.youtube.com/watch?v=9FPAdxhYZIc"", ""Dil De Diya, https://www.youtube.com/watch?v=0TKcqRMegjU"", ""Phir Hera Pheri, https://www.youtube.com/watch?v=gGZlSj8-P-I""]"
20060624,"[""Krrish, https://en.wikipedia.org/wiki/Krrish""]","[""Chori Chori Chupke Chupke, https://www.youtube.com/watch?v=GmzXuJPjRtE"", ""Koi Tumsa Nahin, https://www.youtube.com/watch?v=91z7S7eUKwA"", ""Pyaar Ki Ek Kahani, https://www.youtube.com/watch?v=JLqyUKT1PZc"", ""Dil Na Diya, https://www.youtube.com/watch?v=NXDcea-5IfA""]"
20060625,"[""Krrish, https://en.wikipedia.org/wiki/Krrish""]","[""Chori Chori Chupke Chupke, https://www.youtube.com/watch?v=GmzXuJPjRtE"", ""Koi Tumsa Nahin, https://www.youtube.com/watch?v=91z7S7eUKwA"", ""Pyaar Ki Ek Kahani, https://www.youtube.com/watch?v=JLqyUKT1PZc"", ""Dil Na Diya, https://www.youtube.com/watch?v=NXDcea-5IfA""]"
20060626,"[""Krrish, https://en.wikipedia.org/wiki/Krrish""]","[""Chori Chori Chupke Chupke, https://www.youtube.com/watch?v=GmzXuJPjRtE"", ""Koi Tumsa Nahin, https://www.youtube.com/watch?v=91z7S7eUKwA"", ""Pyaar Ki Ek Kahani, https://www.youtube.com/watch?v=JLqyUKT1PZc"", ""Dil Na Diya, https://www.youtube.com/watch?v=NXDcea-5IfA""]"
20060627,"[""Krrish, https://en.wikipedia.org/wiki/Krrish""]","[""Chori Chori Chupke Chupke, https://www.youtube.com/watch?v=GmzXuJPjRtE"", ""Koi Tumsa Nahin, https://www.youtube.com/watch?v=91z7S7eUKwA"", ""Pyaar Ki Ek Kahani, https://www.youtube.com/watch?v=JLqyUKT1PZc"", ""Dil Na Diya, https://www.youtube.com/watch?v=NXDcea-5IfA""]"
20060628,"[""Krrish, https://en.wikipedia.org/wiki/Krrish""]","[""Chori Chori Chupke Chupke, https://www.youtube.com/watch?v=GmzXuJPjRtE"", ""Koi Tumsa Nahin, https://www.youtube.com/watch?v=91z7S7eUKwA"", ""Pyaar Ki Ek Kahani, https://www.youtube.com/watch?v=JLqyUKT1PZc"", ""Dil Na Diya, https://www.youtube.com/watch?v=NXDcea-5IfA""]"
20060629,"[""Krrish, https://en.wikipedia.org/wiki/Krrish""]","[""Chori Chori Chupke Chupke, https://www.youtube.com/watch?v=GmzXuJPjRtE"", ""Koi Tumsa Nahin, https://www.youtube.com/watch?v=91z7S7eUKwA"", ""Pyaar Ki Ek Kahani, https://www.youtube.com/watch?v=JLqyUKT1PZc"", ""Dil Na Diya, https://www.youtube.com/watch?v=NXDcea-5IfA""]"
20060630,"[""Krrish, https://en.wikipedia.org/wiki/Krrish""]","[""Chori Chori Chupke Chupke, https://www.youtube.com/watch?v=GmzXuJPjRtE"", ""Koi Tumsa Nahin, https://www.youtube.com/watch?v=91z7S7eUKwA"", ""Pyaar Ki Ek Kahani, https://www.youtube.com/watch?v=JLqyUKT1PZc"", ""Dil Na Diya, https://www.youtube.com/watch?v=NXDcea-5IfA""]"
20060701,"[""Krrish, https://en.wikipedia.org/wiki/Krrish""]","[""Chori Chori Chupke Chupke, https://www.youtube.com/watch?v=GmzXuJPjRtE"", ""Koi Tumsa Nahin, https://www.youtube.com/watch?v=91z7S7eUKwA"", ""Pyaar Ki Ek Kahani, https://www.youtube.com/watch?v=JLqyUKT1PZc"", ""Dil Na Diya, https://www.youtube.com/watch?v=NXDcea-5IfA""]"
20060702,"[""Krrish, https://en.wikipedia.org/wiki/Krrish""]","[""Chori Chori Chupke Chupke, https://www.youtube.com/watch?v=GmzXuJPjRtE"", ""Koi Tumsa Nahin, https://www.youtube.com/watch?v=91z7S7eUKwA"", ""Pyaar Ki Ek Kahani, https://www.youtube.com/watch?v=JLqyUKT1PZc"", ""Dil Na Diya, https://www.youtube.com/watch?v=NXDcea-5IfA""]"
20060703,"[""Krrish, https://en.wikipedia.org/wiki/Krrish""]","[""Chori Chori Chupke Chupke, https://www.youtube.com/watch?v=GmzXuJPjRtE"", ""Koi Tumsa Nahin, https://www.youtube.com/watch?v=91z7S7eUKwA"", ""Pyaar Ki Ek Kahani, https://www.youtube.com/watch?v=JLqyUKT1PZc"", ""Dil Na Diya, https://www.youtube.com/watch?v=NXDcea-5IfA""]"
20060704,"[""Krrish, https://en.wikipedia.org/wiki/Krrish""]","[""Chori Chori Chupke Chupke, https://www.youtube.com/watch?v=GmzXuJPjRtE"", ""Koi Tumsa Nahin, https://www.youtube.com/watch?v=91z7S7eUKwA"", ""Pyaar Ki Ek Kahani, https://www.youtube.com/watch?v=JLqyUKT1PZc"", ""Dil Na Diya, https://www.youtube.com/watch?v=NXDcea-5IfA""]"
20060705,"[""Krrish, https://en.wikipedia.org/wiki/Krrish""]","[""Chori Chori Chupke Chupke, https://www.youtube.com/watch?v=GmzXuJPjRtE"", ""Koi Tumsa Nahin, https://www.youtube.com/watch?v=91z7S7eUKwA"", ""Pyaar Ki Ek Kahani, https://www.youtube.com/watch?v=JLqyUKT1PZc"", ""Dil Na Diya, https://www.youtube.com/watch?v=NXDcea-5IfA""]"
20060706,"[""Krrish, https://en.wikipedia.org/wiki/Krrish""]","[""Chori Chori Chupke Chupke, https://www.youtube.com/watch?v=GmzXuJPjRtE"", ""Koi Tumsa Nahin, https://www.youtube.com/watch?v=91z7S7eUKwA"", ""Pyaar Ki Ek Kahani, https://www.youtube.com/watch?v=JLqyUKT1PZc"", ""Dil Na Diya, https://www.youtube.com/watch?v=NXDcea-5IfA""]"
20060707,"[""Krrish, https://en.wikipedia.org/wiki/Krrish"", ""Corporate, https://en.wikipedia.org/wiki/Corporate_(2006_film)""]","[""Chori Chori Chupke Chupke, https://www.youtube.com/watch?v=GmzXuJPjRtE"", ""Koi Tumsa Nahin, https://www.youtube.com/watch?v=91z7S7eUKwA"", ""Pyaar Ki Ek Kahani, https://www.youtube.com/watch?v=JLqyUKT1PZc"", ""Dil Na Diya, https://www.youtube.com/watch?v=NXDcea-5IfA""]"
20060708,"[""Krrish, https://en.wikipedia.org/wiki/Krrish"", ""Corporate, https://en.wikipedia.org/wiki/Corporate_(2006_film)""]","[""Chori Chori Chupke Chupke, https://www.youtube.com/watch?v=GmzXuJPjRtE"", ""Koi Tumsa Nahin, https://www.youtube.com/watch?v=91z7S7eUKwA"", ""Pyaar Ki Ek Kahani, https://www.youtube.com/watch?v=JLqyUKT1PZc"", ""Dil Na Diya, https://www.youtube.com/watch?v=NXDcea-5IfA""]"
20060709,"[""Krrish, https://en.wikipedia.org/wiki/Krrish"", ""Corporate, https://en.wikipedia.org/wiki/Corporate_(2006_film)""]","[""Chori Chori Chupke Chupke, https://www.youtube.com/watch?v=GmzXuJPjRtE"", ""Koi Tumsa Nahin, https://www.youtube.com/watch?v=91z7S7eUKwA"", ""Pyaar Ki Ek Kahani, https://www.youtube.com/watch?v=JLqyUKT1PZc"", ""Dil Na Diya, https://www.youtube.com/watch?v=NXDcea-5IfA""]"
20060710,"[""Krrish, https://en.wikipedia.org/wiki/Krrish"", ""Corporate, https://en.wikipedia.org/wiki/Corporate_(2006_film)""]","[""Chori Chori Chupke Chupke, https://www.youtube.com/watch?v=GmzXuJPjRtE"", ""Koi Tumsa Nahin, https://www.youtube.com/watch?v=91z7S7eUKwA"", ""Pyaar Ki Ek Kahani, https://www.youtube.com/watch?v=JLqyUKT1PZc"", ""Dil Na Diya, https://www.youtube.com/watch?v=NXDcea-5IfA""]"
20060711,"[""Krrish, https://en.wikipedia.org/wiki/Krrish"", ""Corporate, https://en.wikipedia.org/wiki/Corporate_(2006_film)""]","[""Chori Chori Chupke Chupke, https://www.youtube.com/watch?v=GmzXuJPjRtE"", ""Koi Tumsa Nahin, https://www.youtube.com/watch?v=91z7S7eUKwA"", ""Pyaar Ki Ek Kahani, https://www.youtube.com/watch?v=JLqyUKT1PZc"", ""Dil Na Diya, https://www.youtube.com/watch?v=NXDcea-5IfA""]"
20060712,"[""Krrish, https://en.wikipedia.org/wiki/Krrish"", ""Corporate, https://en.wikipedia.org/wiki/Corporate_(2006_film)""]","[""Chori Chori Chupke Chupke, https://www.youtube.com/watch?v=GmzXuJPjRtE"", ""Koi Tumsa Nahin, https://www.youtube.com/watch?v=91z7S7eUKwA"", ""Pyaar Ki Ek Kahani, https://www.youtube.com/watch?v=JLqyUKT1PZc"", ""Dil Na Diya, https://www.youtube.com/watch?v=NXDcea-5IfA""]"
20060713,"[""Krrish, https://en.wikipedia.org/wiki/Krrish"", ""Corporate, https://en.wikipedia.org/wiki/Corporate_(2006_film)""]","[""Chori Chori Chupke Chupke, https://www.youtube.com/watch?v=GmzXuJPjRtE"", ""Koi Tumsa Nahin, https://www.youtube.com/watch?v=91z7S7eUKwA"", ""Pyaar Ki Ek Kahani, https://www.youtube.com/watch?v=JLqyUKT1PZc"", ""Dil Na Diya, https://www.youtube.com/watch?v=NXDcea-5IfA""]"
20060714,"[""Phir Hera Pheri, https://en.wikipedia.org/wiki/Phir_Hera_Pheri""]","[""Golmaal (Fun Unlimited) Title Track, https://www.youtube.com/watch?v=3_EqYjLVNoU"", ""Rehja Re, https://www.youtube.com/watch?v=849W3wFO0k4"", ""Aage Pichhe, https://www.youtube.com/watch?v=eZur6lndrgY"", ""Chori Chori Chupke Chupke, https://www.youtube.com/watch?v=GmzXuJPjRtE"", ""Koi Tumsa Nahin, https://www.youtube.com/watch?v=91z7S7eUKwA"", ""Pyaar Ki Ek Kahani, https://www.youtube.com/watch?v=JLqyUKT1PZc"", ""Dil Na Diya, https://www.youtube.com/watch?v=NXDcea-5IfA""]"
20060715,"[""Phir Hera Pheri, https://en.wikipedia.org/wiki/Phir_Hera_Pheri""]","[""Golmaal (Fun Unlimited) Title Track, https://www.youtube.com/watch?v=3_EqYjLVNoU"", ""Rehja Re, https://www.youtube.com/watch?v=849W3wFO0k4"", ""Aage Pichhe, https://www.youtube.com/watch?v=eZur6lndrgY"", ""Chori Chori Chupke Chupke, https://www.youtube.com/watch?v=GmzXuJPjRtE"", ""Koi Tumsa Nahin, https://www.youtube.com/watch?v=91z7S7eUKwA"", ""Pyaar Ki Ek Kahani, https://www.youtube.com/watch?v=JLqyUKT1PZc"", ""Dil Na Diya, https://www.youtube.com/watch?v=NXDcea-5IfA""]"
20060716,"[""Phir Hera Pheri, https://en.wikipedia.org/wiki/Phir_Hera_Pheri""]","[""Golmaal (Fun Unlimited) Title Track, https://www.youtube.com/watch?v=3_EqYjLVNoU"", ""Rehja Re, https://www.youtube.com/watch?v=849W3wFO0k4"", ""Aage Pichhe, https://www.youtube.com/watch?v=eZur6lndrgY"", ""Chori Chori Chupke Chupke, https://www.youtube.com/watch?v=GmzXuJPjRtE"", ""Koi Tumsa Nahin, https://www.youtube.com/watch?v=91z7S7eUKwA"", ""Pyaar Ki Ek Kahani, https://www.youtube.com/watch?v=JLqyUKT1PZc"", ""Dil Na Diya, https://www.youtube.com/watch?v=NXDcea-5IfA""]"
20060717,"[""Phir Hera Pheri, https://en.wikipedia.org/wiki/Phir_Hera_Pheri""]","[""Golmaal (Fun Unlimited) Title Track, https://www.youtube.com/watch?v=3_EqYjLVNoU"", ""Rehja Re, https://www.youtube.com/watch?v=849W3wFO0k4"", ""Aage Pichhe, https://www.youtube.com/watch?v=eZur6lndrgY"", ""Chori Chori Chupke Chupke, https://www.youtube.com/watch?v=GmzXuJPjRtE"", ""Koi Tumsa Nahin, https://www.youtube.com/watch?v=91z7S7eUKwA"", ""Pyaar Ki Ek Kahani, https://www.youtube.com/watch?v=JLqyUKT1PZc"", ""Dil Na Diya, https://www.youtube.com/watch?v=NXDcea-5IfA""]"
20060718,"[""Phir Hera Pheri, https://en.wikipedia.org/wiki/Phir_Hera_Pheri""]","[""Golmaal (Fun Unlimited) Title Track, https://www.youtube.com/watch?v=3_EqYjLVNoU"", ""Rehja Re, https://www.youtube.com/watch?v=849W3wFO0k4"", ""Aage Pichhe, https://www.youtube.com/watch?v=eZur6lndrgY"", ""Chori Chori Chupke Chupke, https://www.youtube.com/watch?v=GmzXuJPjRtE"", ""Koi Tumsa Nahin, https://www.youtube.com/watch?v=91z7S7eUKwA"", ""Pyaar Ki Ek Kahani, https://www.youtube.com/watch?v=JLqyUKT1PZc"", ""Dil Na Diya, https://www.youtube.com/watch?v=NXDcea-5IfA""]"
20060719,"[""Phir Hera Pheri, https://en.wikipedia.org/wiki/Phir_Hera_Pheri""]","[""Golmaal (Fun Unlimited) Title Track, https://www.youtube.com/watch?v=3_EqYjLVNoU"", ""Rehja Re, https://www.youtube.com/watch?v=849W3wFO0k4"", ""Aage Pichhe, https://www.youtube.com/watch?v=eZur6lndrgY"", ""Chori Chori Chupke Chupke, https://www.youtube.com/watch?v=GmzXuJPjRtE"", ""Koi Tumsa Nahin, https://www.youtube.com/watch?v=91z7S7eUKwA"", ""Pyaar Ki Ek Kahani, https://www.youtube.com/watch?v=JLqyUKT1PZc"", ""Dil Na Diya, https://www.youtube.com/watch?v=NXDcea-5IfA""]"
20060720,"[""Phir Hera Pheri, https://en.wikipedia.org/wiki/Phir_Hera_Pheri""]","[""Golmaal (Fun Unlimited) Title Track, https://www.youtube.com/watch?v=3_EqYjLVNoU"", ""Rehja Re, https://www.youtube.com/watch?v=849W3wFO0k4"", ""Aage Pichhe, https://www.youtube.com/watch?v=eZur6lndrgY"", ""Chori Chori Chupke Chupke, https://www.youtube.com/watch?v=GmzXuJPjRtE"", ""Koi Tumsa Nahin, https://www.youtube.com/watch?v=91z7S7eUKwA"", ""Pyaar Ki Ek Kahani, https://www.youtube.com/watch?v=JLqyUKT1PZc"", ""Dil Na Diya, https://www.youtube.com/watch?v=NXDcea-5IfA""]"
20060721,"[""Golmaal: Fun Unlimited, https://en.wikipedia.org/wiki/Golmaal:_Fun_Unlimited"", ""Pirates of the Caribbean: Dead Man's Chest, https://en.wikipedia.org/wiki/Pirates_of_the_Caribbean:_Dead_Man%27s_Chest""]","[""Golmaal (Fun Unlimited) Title Track, https://www.youtube.com/watch?v=3_EqYjLVNoU"", ""Rehja Re, https://www.youtube.com/watch?v=849W3wFO0k4"", ""Aage Pichhe, https://www.youtube.com/watch?v=eZur6lndrgY""]"
20060722,"[""Golmaal: Fun Unlimited, https://en.wikipedia.org/wiki/Golmaal:_Fun_Unlimited"", ""Pirates of the Caribbean: Dead Man's Chest, https://en.wikipedia.org/wiki/Pirates_of_the_Caribbean:_Dead_Man%27s_Chest""]","[""Golmaal (Fun Unlimited) Title Track, https://www.youtube.com/watch?v=3_EqYjLVNoU"", ""Rehja Re, https://www.youtube.com/watch?v=849W3wFO0k4"", ""Aage Pichhe, https://www.youtube.com/watch?v=eZur6lndrgY""]"
20060723,"[""Golmaal: Fun Unlimited, https://en.wikipedia.org/wiki/Golmaal:_Fun_Unlimited"", ""Pirates of the Caribbean: Dead Man's Chest, https://en.wikipedia.org/wiki/Pirates_of_the_Caribbean:_Dead_Man%27s_Chest""]","[""Golmaal (Fun Unlimited) Title Track, https://www.youtube.com/watch?v=3_EqYjLVNoU"", ""Rehja Re, https://www.youtube.com/watch?v=849W3wFO0k4"", ""Aage Pichhe, https://www.youtube.com/watch?v=eZur6lndrgY""]"
20060724,"[""Golmaal: Fun Unlimited, https://en.wikipedia.org/wiki/Golmaal:_Fun_Unlimited"", ""Pirates of the Caribbean: Dead Man's Chest, https://en.wikipedia.org/wiki/Pirates_of_the_Caribbean:_Dead_Man%27s_Chest""]","[""Golmaal (Fun Unlimited) Title Track, https://www.youtube.com/watch?v=3_EqYjLVNoU"", ""Rehja Re, https://www.youtube.com/watch?v=849W3wFO0k4"", ""Aage Pichhe, https://www.youtube.com/watch?v=eZur6lndrgY""]"
20060725,"[""Golmaal: Fun Unlimited, https://en.wikipedia.org/wiki/Golmaal:_Fun_Unlimited"", ""Pirates of the Caribbean: Dead Man's Chest, https://en.wikipedia.org/wiki/Pirates_of_the_Caribbean:_Dead_Man%27s_Chest""]","[""Golmaal (Fun Unlimited) Title Track, https://www.youtube.com/watch?v=3_EqYjLVNoU"", ""Rehja Re, https://www.youtube.com/watch?v=849W3wFO0k4"", ""Aage Pichhe, https://www.youtube.com/watch?v=eZur6lndrgY""]"
20060726,"[""Golmaal: Fun Unlimited, https://en.wikipedia.org/wiki/Golmaal:_Fun_Unlimited"", ""Pirates of the Caribbean: Dead Man's Chest, https://en.wikipedia.org/wiki/Pirates_of_the_Caribbean:_Dead_Man%27s_Chest""]","[""Golmaal (Fun Unlimited) Title Track, https://www.youtube.com/watch?v=3_EqYjLVNoU"", ""Rehja Re, https://www.youtube.com/watch?v=849W3wFO0k4"", ""Aage Pichhe, https://www.youtube.com/watch?v=eZur6lndrgY""]"
20060727,"[""Golmaal: Fun Unlimited, https://en.wikipedia.org/wiki/Golmaal:_Fun_Unlimited"", ""Pirates of the Caribbean: Dead Man's Chest, https://en.wikipedia.org/wiki/Pirates_of_the_Caribbean:_Dead_Man%27s_Chest""]","[""Golmaal (Fun Unlimited) Title Track, https://www.youtube.com/watch?v=3_EqYjLVNoU"", ""Rehja Re, https://www.youtube.com/watch?v=849W3wFO0k4"", ""Aage Pichhe, https://www.youtube.com/watch?v=eZur6lndrgY""]"
20060728,"[""Pirates of the Caribbean: Dead Man's Chest, https://en.wikipedia.org/wiki/Pirates_of_the_Caribbean:_Dead_Man%27s_Chest"", ""Omkara, https://en.wikipedia.org/wiki/Omkara_(2006_film)""]","[""Beedi Jalaile, https://www.youtube.com/watch?v=XLJCtZK0x5M"", ""O Saathi Re, https://www.youtube.com/watch?v=GzO2AeOm9mk"", ""Naina, https://www.youtube.com/watch?v=qG7Kms_YA5Q""]"
20060729,"[""Pirates of the Caribbean: Dead Man's Chest, https://en.wikipedia.org/wiki/Pirates_of_the_Caribbean:_Dead_Man%27s_Chest"", ""Omkara, https://en.wikipedia.org/wiki/Omkara_(2006_film)""]","[""Beedi Jalaile, https://www.youtube.com/watch?v=XLJCtZK0x5M"", ""O Saathi Re, https://www.youtube.com/watch?v=GzO2AeOm9mk"", ""Naina, https://www.youtube.com/watch?v=qG7Kms_YA5Q""]"
20060730,"[""Pirates of the Caribbean: Dead Man's Chest, https://en.wikipedia.org/wiki/Pirates_of_the_Caribbean:_Dead_Man%27s_Chest"", ""Omkara, https://en.wikipedia.org/wiki/Omkara_(2006_film)""]","[""Beedi Jalaile, https://www.youtube.com/watch?v=XLJCtZK0x5M"", ""O Saathi Re, https://www.youtube.com/watch?v=GzO2AeOm9mk"", ""Naina, https://www.youtube.com/watch?v=qG7Kms_YA5Q""]"
20060731,"[""Pirates of the Caribbean: Dead Man's Chest, https://en.wikipedia.org/wiki/Pirates_of_the_Caribbean:_Dead_Man%27s_Chest"", ""Omkara, https://en.wikipedia.org/wiki/Omkara_(2006_film)""]","[""Beedi Jalaile, https://www.youtube.com/watch?v=XLJCtZK0x5M"", ""O Saathi Re, https://www.youtube.com/watch?v=GzO2AeOm9mk"", ""Naina, https://www.youtube.com/watch?v=qG7Kms_YA5Q""]"
20060801,"[""Omkara, https://en.wikipedia.org/wiki/Omkara_(2006_film)""]","[""Beedi Jalaile, https://www.youtube.com/watch?v=XLJCtZK0x5M"", ""O Saathi Re, https://www.youtube.com/watch?v=GzO2AeOm9mk"", ""Naina, https://www.youtube.com/watch?v=qG7Kms_YA5Q""]"
20060802,"[""Omkara, https://en.wikipedia.org/wiki/Omkara_(2006_film)""]","[""Beedi Jalaile, https://www.youtube.com/watch?v=XLJCtZK0x5M"", ""O Saathi Re, https://www.youtube.com/watch?v=GzO2AeOm9mk"", ""Naina, https://www.youtube.com/watch?v=qG7Kms_YA5Q""]"
20060803,"[""Omkara, https://en.wikipedia.org/wiki/Omkara_(2006_film)""]","[""Beedi Jalaile, https://www.youtube.com/watch?v=XLJCtZK0x5M"", ""O Saathi Re, https://www.youtube.com/watch?v=GzO2AeOm9mk"", ""Naina, https://www.youtube.com/watch?v=qG7Kms_YA5Q""]"
20060804,"[""Omkara, https://en.wikipedia.org/wiki/Omkara_(2006_film)"", ""Superman Returns, https://en.wikipedia.org/wiki/Superman_Returns""]","[""Beedi Jalaile, https://www.youtube.com/watch?v=XLJCtZK0x5M"", ""O Saathi Re, https://www.youtube.com/watch?v=GzO2AeOm9mk"", ""Naina, https://www.youtube.com/watch?v=qG7Kms_YA5Q""]"
20060805,"[""Omkara, https://en.wikipedia.org/wiki/Omkara_(2006_film)"", ""Superman Returns, https://en.wikipedia.org/wiki/Superman_Returns""]","[""Beedi Jalaile, https://www.youtube.com/watch?v=XLJCtZK0x5M"", ""O Saathi Re, https://www.youtube.com/watch?v=GzO2AeOm9mk"", ""Naina, https://www.youtube.com/watch?v=qG7Kms_YA5Q""]"
20060806,"[""Omkara, https://en.wikipedia.org/wiki/Omkara_(2006_film)"", ""Superman Returns, https://en.wikipedia.org/wiki/Superman_Returns""]","[""Beedi Jalaile, https://www.youtube.com/watch?v=XLJCtZK0x5M"", ""O Saathi Re, https://www.youtube.com/watch?v=GzO2AeOm9mk"", ""Naina, https://www.youtube.com/watch?v=qG7Kms_YA5Q""]"
20060807,"[""Omkara, https://en.wikipedia.org/wiki/Omkara_(2006_film)"", ""Superman Returns, https://en.wikipedia.org/wiki/Superman_Returns""]","[""Beedi Jalaile, https://www.youtube.com/watch?v=XLJCtZK0x5M"", ""O Saathi Re, https://www.youtube.com/watch?v=GzO2AeOm9mk"", ""Naina, https://www.youtube.com/watch?v=qG7Kms_YA5Q""]"
20060808,"[""Omkara, https://en.wikipedia.org/wiki/Omkara_(2006_film)"", ""Superman Returns, https://en.wikipedia.org/wiki/Superman_Returns""]","[""Beedi Jalaile, https://www.youtube.com/watch?v=XLJCtZK0x5M"", ""O Saathi Re, https://www.youtube.com/watch?v=GzO2AeOm9mk"", ""Naina, https://www.youtube.com/watch?v=qG7Kms_YA5Q""]"
20060809,"[""Omkara, https://en.wikipedia.org/wiki/Omkara_(2006_film)"", ""Superman Returns, https://en.wikipedia.org/wiki/Superman_Returns""]","[""Beedi Jalaile, https://www.youtube.com/watch?v=XLJCtZK0x5M"", ""O Saathi Re, https://www.youtube.com/watch?v=GzO2AeOm9mk"", ""Naina, https://www.youtube.com/watch?v=qG7Kms_YA5Q""]"
20060810,"[""Omkara, https://en.wikipedia.org/wiki/Omkara_(2006_film)"", ""Superman Returns, https://en.wikipedia.org/wiki/Superman_Returns""]","[""Beedi Jalaile, https://www.youtube.com/watch?v=XLJCtZK0x5M"", ""O Saathi Re, https://www.youtube.com/watch?v=GzO2AeOm9mk"", ""Naina, https://www.youtube.com/watch?v=qG7Kms_YA5Q""]"
20060811,"[""Kabhi Alvida Naa Kehna, https://en.wikipedia.org/wiki/Kabhi_Alvida_Naa_Kehna""]","[""Kabhi Alvida Naa Kehna, https://www.youtube.com/watch?v=O8fIwHfZz2E"", ""Tumhi Dekho Naa, https://www.youtube.com/watch?v=DULDIS2qlCU"", ""Mitwa, https://www.youtube.com/watch?v=ru_5PA8cwkE"", ""Rock N Roll Soniye, https://www.youtube.com/watch?v=7nDKFPWbJMU""]"
20060812,"[""Kabhi Alvida Naa Kehna, https://en.wikipedia.org/wiki/Kabhi_Alvida_Naa_Kehna""]","[""Kabhi Alvida Naa Kehna, https://www.youtube.com/watch?v=O8fIwHfZz2E"", ""Tumhi Dekho Naa, https://www.youtube.com/watch?v=DULDIS2qlCU"", ""Mitwa, https://www.youtube.com/watch?v=ru_5PA8cwkE"", ""Rock N Roll Soniye, https://www.youtube.com/watch?v=7nDKFPWbJMU""]"
20060813,"[""Kabhi Alvida Naa Kehna, https://en.wikipedia.org/wiki/Kabhi_Alvida_Naa_Kehna""]","[""Kabhi Alvida Naa Kehna, https://www.youtube.com/watch?v=O8fIwHfZz2E"", ""Tumhi Dekho Naa, https://www.youtube.com/watch?v=DULDIS2qlCU"", ""Mitwa, https://www.youtube.com/watch?v=ru_5PA8cwkE"", ""Rock N Roll Soniye, https://www.youtube.com/watch?v=7nDKFPWbJMU""]"
20060814,"[""Kabhi Alvida Naa Kehna, https://en.wikipedia.org/wiki/Kabhi_Alvida_Naa_Kehna""]","[""Kabhi Alvida Naa Kehna, https://www.youtube.com/watch?v=O8fIwHfZz2E"", ""Tumhi Dekho Naa, https://www.youtube.com/watch?v=DULDIS2qlCU"", ""Mitwa, https://www.youtube.com/watch?v=ru_5PA8cwkE"", ""Rock N Roll Soniye, https://www.youtube.com/watch?v=7nDKFPWbJMU""]"
20060815,"[""Kabhi Alvida Naa Kehna, https://en.wikipedia.org/wiki/Kabhi_Alvida_Naa_Kehna""]","[""Kabhi Alvida Naa Kehna, https://www.youtube.com/watch?v=O8fIwHfZz2E"", ""Tumhi Dekho Naa, https://www.youtube.com/watch?v=DULDIS2qlCU"", ""Mitwa, https://www.youtube.com/watch?v=ru_5PA8cwkE"", ""Rock N Roll Soniye, https://www.youtube.com/watch?v=7nDKFPWbJMU""]"
20060816,"[""Kabhi Alvida Naa Kehna, https://en.wikipedia.org/wiki/Kabhi_Alvida_Naa_Kehna""]","[""Kabhi Alvida Naa Kehna, https://www.youtube.com/watch?v=O8fIwHfZz2E"", ""Tumhi Dekho Naa, https://www.youtube.com/watch?v=DULDIS2qlCU"", ""Mitwa, https://www.youtube.com/watch?v=ru_5PA8cwkE"", ""Rock N Roll Soniye, https://www.youtube.com/watch?v=7nDKFPWbJMU""]"
20060817,"[""Kabhi Alvida Naa Kehna, https://en.wikipedia.org/wiki/Kabhi_Alvida_Naa_Kehna""]","[""Kabhi Alvida Naa Kehna, https://www.youtube.com/watch?v=O8fIwHfZz2E"", ""Tumhi Dekho Naa, https://www.youtube.com/watch?v=DULDIS2qlCU"", ""Mitwa, https://www.youtube.com/watch?v=ru_5PA8cwkE"", ""Rock N Roll Soniye, https://www.youtube.com/watch?v=7nDKFPWbJMU""]"
20060818,"[""Kabhi Alvida Naa Kehna, https://en.wikipedia.org/wiki/Kabhi_Alvida_Naa_Kehna""]","[""Kabhi Alvida Naa Kehna, https://www.youtube.com/watch?v=O8fIwHfZz2E"", ""Tumhi Dekho Naa, https://www.youtube.com/watch?v=DULDIS2qlCU"", ""Mitwa, https://www.youtube.com/watch?v=ru_5PA8cwkE"", ""Rock N Roll Soniye, https://www.youtube.com/watch?v=7nDKFPWbJMU""]"
20060819,"[""Kabhi Alvida Naa Kehna, https://en.wikipedia.org/wiki/Kabhi_Alvida_Naa_Kehna""]","[""Kabhi Alvida Naa Kehna, https://www.youtube.com/watch?v=O8fIwHfZz2E"", ""Tumhi Dekho Naa, https://www.youtube.com/watch?v=DULDIS2qlCU"", ""Mitwa, https://www.youtube.com/watch?v=ru_5PA8cwkE"", ""Rock N Roll Soniye, https://www.youtube.com/watch?v=7nDKFPWbJMU""]"
20060820,"[""Kabhi Alvida Naa Kehna, https://en.wikipedia.org/wiki/Kabhi_Alvida_Naa_Kehna""]","[""Kabhi Alvida Naa Kehna, https://www.youtube.com/watch?v=O8fIwHfZz2E"", ""Tumhi Dekho Naa, https://www.youtube.com/watch?v=DULDIS2qlCU"", ""Mitwa, https://www.youtube.com/watch?v=ru_5PA8cwkE"", ""Rock N Roll Soniye, https://www.youtube.com/watch?v=7nDKFPWbJMU""]"
20060821,"[""Kabhi Alvida Naa Kehna, https://en.wikipedia.org/wiki/Kabhi_Alvida_Naa_Kehna""]","[""Kabhi Alvida Naa Kehna, https://www.youtube.com/watch?v=O8fIwHfZz2E"", ""Tumhi Dekho Naa, https://www.youtube.com/watch?v=DULDIS2qlCU"", ""Mitwa, https://www.youtube.com/watch?v=ru_5PA8cwkE"", ""Rock N Roll Soniye, https://www.youtube.com/watch?v=7nDKFPWbJMU""]"
20060822,"[""Kabhi Alvida Naa Kehna, https://en.wikipedia.org/wiki/Kabhi_Alvida_Naa_Kehna""]","[""Kabhi Alvida Naa Kehna, https://www.youtube.com/watch?v=O8fIwHfZz2E"", ""Tumhi Dekho Naa, https://www.youtube.com/watch?v=DULDIS2qlCU"", ""Mitwa, https://www.youtube.com/watch?v=ru_5PA8cwkE"", ""Rock N Roll Soniye, https://www.youtube.com/watch?v=7nDKFPWbJMU""]"
20060823,"[""Kabhi Alvida Naa Kehna, https://en.wikipedia.org/wiki/Kabhi_Alvida_Naa_Kehna""]","[""Kabhi Alvida Naa Kehna, https://www.youtube.com/watch?v=O8fIwHfZz2E"", ""Tumhi Dekho Naa, https://www.youtube.com/watch?v=DULDIS2qlCU"", ""Mitwa, https://www.youtube.com/watch?v=ru_5PA8cwkE"", ""Rock N Roll Soniye, https://www.youtube.com/watch?v=7nDKFPWbJMU""]"
20060824,"[""Kabhi Alvida Naa Kehna, https://en.wikipedia.org/wiki/Kabhi_Alvida_Naa_Kehna""]","[""Kabhi Alvida Naa Kehna, https://www.youtube.com/watch?v=O8fIwHfZz2E"", ""Tumhi Dekho Naa, https://www.youtube.com/watch?v=DULDIS2qlCU"", ""Mitwa, https://www.youtube.com/watch?v=ru_5PA8cwkE"", ""Rock N Roll Soniye, https://www.youtube.com/watch?v=7nDKFPWbJMU""]"
20060825,"[""Kabhi Alvida Naa Kehna, https://en.wikipedia.org/wiki/Kabhi_Alvida_Naa_Kehna"", ""Aap Ki Khatir, https://en.wikipedia.org/wiki/Aap_Ki_Khatir_(2006_film)""]","[""Kabhi Alvida Naa Kehna, https://www.youtube.com/watch?v=O8fIwHfZz2E"", ""Tumhi Dekho Naa, https://www.youtube.com/watch?v=DULDIS2qlCU"", ""Mitwa, https://www.youtube.com/watch?v=ru_5PA8cwkE"", ""Rock N Roll Soniye, https://www.youtube.com/watch?v=7nDKFPWbJMU""]"
20060826,"[""Kabhi Alvida Naa Kehna, https://en.wikipedia.org/wiki/Kabhi_Alvida_Naa_Kehna"", ""Aap Ki Khatir, https://en.wikipedia.org/wiki/Aap_Ki_Khatir_(2006_film)""]","[""Kabhi Alvida Naa Kehna, https://www.youtube.com/watch?v=O8fIwHfZz2E"", ""Tumhi Dekho Naa, https://www.youtube.com/watch?v=DULDIS2qlCU"", ""Mitwa, https://www.youtube.com/watch?v=ru_5PA8cwkE"", ""Rock N Roll Soniye, https://www.youtube.com/watch?v=7nDKFPWbJMU""]"
20060827,"[""Kabhi Alvida Naa Kehna, https://en.wikipedia.org/wiki/Kabhi_Alvida_Naa_Kehna"", ""Aap Ki Khatir, https://en.wikipedia.org/wiki/Aap_Ki_Khatir_(2006_film)""]","[""Kabhi Alvida Naa Kehna, https://www.youtube.com/watch?v=O8fIwHfZz2E"", ""Tumhi Dekho Naa, https://www.youtube.com/watch?v=DULDIS2qlCU"", ""Mitwa, https://www.youtube.com/watch?v=ru_5PA8cwkE"", ""Rock N Roll Soniye, https://www.youtube.com/watch?v=7nDKFPWbJMU""]"
20060828,"[""Kabhi Alvida Naa Kehna, https://en.wikipedia.org/wiki/Kabhi_Alvida_Naa_Kehna"", ""Aap Ki Khatir, https://en.wikipedia.org/wiki/Aap_Ki_Khatir_(2006_film)""]","[""Kabhi Alvida Naa Kehna, https://www.youtube.com/watch?v=O8fIwHfZz2E"", ""Tumhi Dekho Naa, https://www.youtube.com/watch?v=DULDIS2qlCU"", ""Mitwa, https://www.youtube.com/watch?v=ru_5PA8cwkE"", ""Rock N Roll Soniye, https://www.youtube.com/watch?v=7nDKFPWbJMU""]"
20060829,"[""Kabhi Alvida Naa Kehna, https://en.wikipedia.org/wiki/Kabhi_Alvida_Naa_Kehna"", ""Aap Ki Khatir, https://en.wikipedia.org/wiki/Aap_Ki_Khatir_(2006_film)""]","[""Kabhi Alvida Naa Kehna, https://www.youtube.com/watch?v=O8fIwHfZz2E"", ""Tumhi Dekho Naa, https://www.youtube.com/watch?v=DULDIS2qlCU"", ""Mitwa, https://www.youtube.com/watch?v=ru_5PA8cwkE"", ""Rock N Roll Soniye, https://www.youtube.com/watch?v=7nDKFPWbJMU""]"
20060830,"[""Kabhi Alvida Naa Kehna, https://en.wikipedia.org/wiki/Kabhi_Alvida_Naa_Kehna"", ""Aap Ki Khatir, https://en.wikipedia.org/wiki/Aap_Ki_Khatir_(2006_film)""]","[""Kabhi Alvida Naa Kehna, https://www.youtube.com/watch?v=O8fIwHfZz2E"", ""Tumhi Dekho Naa, https://www.youtube.com/watch?v=DULDIS2qlCU"", ""Mitwa, https://www.youtube.com/watch?v=ru_5PA8cwkE"", ""Rock N Roll Soniye, https://www.youtube.com/watch?v=7nDKFPWbJMU""]"
20060831,"[""Aap Ki Khatir, https://en.wikipedia.org/wiki/Aap_Ki_Khatir_(2006_film)"", ""Lage Raho Munna Bhai, https://en.wikipedia.org/wiki/Lage_Raho_Munna_Bhai""]","[""Pal Pal Har Pal, https://www.youtube.com/watch?v=T53pDKTLvcY"", ""Lage Raho Munna Bhai Title Track, https://www.youtube.com/watch?v=BbwZeE1g9i0"", ""Samjho Ho hi Gaya, https://www.youtube.com/watch?v=2ytbpXX0sDg""]"
20060901,"[""Jaane Hoga Kya, https://en.wikipedia.org/wiki/Jaane_Hoga_Kya"", ""Lage Raho Munna Bhai, https://en.wikipedia.org/wiki/Lage_Raho_Munna_Bhai""]","[""Kabhi Alvida Naa Kehna, https://www.youtube.com/watch?v=O8fIwHfZz2E"", ""Tumhi Dekho Naa, https://www.youtube.com/watch?v=DULDIS2qlCU"", ""Mitwa, https://www.youtube.com/watch?v=ru_5PA8cwkE"", ""Rock N Roll Soniye, https://www.youtube.com/watch?v=7nDKFPWbJMU"", ""Pal Pal Har Pal, https://www.youtube.com/watch?v=T53pDKTLvcY"", ""Lage Raho Munna Bhai Title Track, https://www.youtube.com/watch?v=BbwZeE1g9i0"", ""Samjho Ho hi Gaya, https://www.youtube.com/watch?v=2ytbpXX0sDg""]"
20060902,"[""Jaane Hoga Kya, https://en.wikipedia.org/wiki/Jaane_Hoga_Kya"", ""Lage Raho Munna Bhai, https://en.wikipedia.org/wiki/Lage_Raho_Munna_Bhai""]","[""Kabhi Alvida Naa Kehna, https://www.youtube.com/watch?v=O8fIwHfZz2E"", ""Tumhi Dekho Naa, https://www.youtube.com/watch?v=DULDIS2qlCU"", ""Mitwa, https://www.youtube.com/watch?v=ru_5PA8cwkE"", ""Rock N Roll Soniye, https://www.youtube.com/watch?v=7nDKFPWbJMU"", ""Pal Pal Har Pal, https://www.youtube.com/watch?v=T53pDKTLvcY"", ""Lage Raho Munna Bhai Title Track, https://www.youtube.com/watch?v=BbwZeE1g9i0"", ""Samjho Ho hi Gaya, https://www.youtube.com/watch?v=2ytbpXX0sDg""]"
20060903,"[""Jaane Hoga Kya, https://en.wikipedia.org/wiki/Jaane_Hoga_Kya"", ""Lage Raho Munna Bhai, https://en.wikipedia.org/wiki/Lage_Raho_Munna_Bhai""]","[""Kabhi Alvida Naa Kehna, https://www.youtube.com/watch?v=O8fIwHfZz2E"", ""Tumhi Dekho Naa, https://www.youtube.com/watch?v=DULDIS2qlCU"", ""Mitwa, https://www.youtube.com/watch?v=ru_5PA8cwkE"", ""Rock N Roll Soniye, https://www.youtube.com/watch?v=7nDKFPWbJMU"", ""Pal Pal Har Pal, https://www.youtube.com/watch?v=T53pDKTLvcY"", ""Lage Raho Munna Bhai Title Track, https://www.youtube.com/watch?v=BbwZeE1g9i0"", ""Samjho Ho hi Gaya, https://www.youtube.com/watch?v=2ytbpXX0sDg""]"
20060904,"[""Jaane Hoga Kya, https://en.wikipedia.org/wiki/Jaane_Hoga_Kya"", ""Lage Raho Munna Bhai, https://en.wikipedia.org/wiki/Lage_Raho_Munna_Bhai""]","[""Kabhi Alvida Naa Kehna, https://www.youtube.com/watch?v=O8fIwHfZz2E"", ""Tumhi Dekho Naa, https://www.youtube.com/watch?v=DULDIS2qlCU"", ""Mitwa, https://www.youtube.com/watch?v=ru_5PA8cwkE"", ""Rock N Roll Soniye, https://www.youtube.com/watch?v=7nDKFPWbJMU"", ""Pal Pal Har Pal, https://www.youtube.com/watch?v=T53pDKTLvcY"", ""Lage Raho Munna Bhai Title Track, https://www.youtube.com/watch?v=BbwZeE1g9i0"", ""Samjho Ho hi Gaya, https://www.youtube.com/watch?v=2ytbpXX0sDg""]"
20060905,"[""Jaane Hoga Kya, https://en.wikipedia.org/wiki/Jaane_Hoga_Kya"", ""Lage Raho Munna Bhai, https://en.wikipedia.org/wiki/Lage_Raho_Munna_Bhai""]","[""Kabhi Alvida Naa Kehna, https://www.youtube.com/watch?v=O8fIwHfZz2E"", ""Tumhi Dekho Naa, https://www.youtube.com/watch?v=DULDIS2qlCU"", ""Mitwa, https://www.youtube.com/watch?v=ru_5PA8cwkE"", ""Rock N Roll Soniye, https://www.youtube.com/watch?v=7nDKFPWbJMU"", ""Pal Pal Har Pal, https://www.youtube.com/watch?v=T53pDKTLvcY"", ""Lage Raho Munna Bhai Title Track, https://www.youtube.com/watch?v=BbwZeE1g9i0"", ""Samjho Ho hi Gaya, https://www.youtube.com/watch?v=2ytbpXX0sDg""]"
20060906,"[""Jaane Hoga Kya, https://en.wikipedia.org/wiki/Jaane_Hoga_Kya"", ""Lage Raho Munna Bhai, https://en.wikipedia.org/wiki/Lage_Raho_Munna_Bhai""]","[""Kabhi Alvida Naa Kehna, https://www.youtube.com/watch?v=O8fIwHfZz2E"", ""Tumhi Dekho Naa, https://www.youtube.com/watch?v=DULDIS2qlCU"", ""Mitwa, https://www.youtube.com/watch?v=ru_5PA8cwkE"", ""Rock N Roll Soniye, https://www.youtube.com/watch?v=7nDKFPWbJMU"", ""Pal Pal Har Pal, https://www.youtube.com/watch?v=T53pDKTLvcY"", ""Lage Raho Munna Bhai Title Track, https://www.youtube.com/watch?v=BbwZeE1g9i0"", ""Samjho Ho hi Gaya, https://www.youtube.com/watch?v=2ytbpXX0sDg""]"
20060907,"[""Jaane Hoga Kya, https://en.wikipedia.org/wiki/Jaane_Hoga_Kya"", ""Lage Raho Munna Bhai, https://en.wikipedia.org/wiki/Lage_Raho_Munna_Bhai""]","[""Kabhi Alvida Naa Kehna, https://www.youtube.com/watch?v=O8fIwHfZz2E"", ""Tumhi Dekho Naa, https://www.youtube.com/watch?v=DULDIS2qlCU"", ""Mitwa, https://www.youtube.com/watch?v=ru_5PA8cwkE"", ""Rock N Roll Soniye, https://www.youtube.com/watch?v=7nDKFPWbJMU"", ""Pal Pal Har Pal, https://www.youtube.com/watch?v=T53pDKTLvcY"", ""Lage Raho Munna Bhai Title Track, https://www.youtube.com/watch?v=BbwZeE1g9i0"", ""Samjho Ho hi Gaya, https://www.youtube.com/watch?v=2ytbpXX0sDg""]"
20060908,"[""Jaane Hoga Kya, https://en.wikipedia.org/wiki/Jaane_Hoga_Kya"", ""Naksha, https://en.wikipedia.org/wiki/Naksha""]","[""Kabhi Alvida Naa Kehna, https://www.youtube.com/watch?v=O8fIwHfZz2E"", ""Tumhi Dekho Naa, https://www.youtube.com/watch?v=DULDIS2qlCU"", ""Mitwa, https://www.youtube.com/watch?v=ru_5PA8cwkE"", ""Rock N Roll Soniye, https://www.youtube.com/watch?v=7nDKFPWbJMU"", ""Pal Pal Har Pal, https://www.youtube.com/watch?v=T53pDKTLvcY"", ""Lage Raho Munna Bhai Title Track, https://www.youtube.com/watch?v=BbwZeE1g9i0"", ""Samjho Ho hi Gaya, https://www.youtube.com/watch?v=2ytbpXX0sDg""]"
20060909,"[""Jaane Hoga Kya, https://en.wikipedia.org/wiki/Jaane_Hoga_Kya"", ""Naksha, https://en.wikipedia.org/wiki/Naksha""]","[""Kabhi Alvida Naa Kehna, https://www.youtube.com/watch?v=O8fIwHfZz2E"", ""Tumhi Dekho Naa, https://www.youtube.com/watch?v=DULDIS2qlCU"", ""Mitwa, https://www.youtube.com/watch?v=ru_5PA8cwkE"", ""Rock N Roll Soniye, https://www.youtube.com/watch?v=7nDKFPWbJMU"", ""Pal Pal Har Pal, https://www.youtube.com/watch?v=T53pDKTLvcY"", ""Lage Raho Munna Bhai Title Track, https://www.youtube.com/watch?v=BbwZeE1g9i0"", ""Samjho Ho hi Gaya, https://www.youtube.com/watch?v=2ytbpXX0sDg""]"
20060910,"[""Jaane Hoga Kya, https://en.wikipedia.org/wiki/Jaane_Hoga_Kya"", ""Naksha, https://en.wikipedia.org/wiki/Naksha""]","[""Kabhi Alvida Naa Kehna, https://www.youtube.com/watch?v=O8fIwHfZz2E"", ""Tumhi Dekho Naa, https://www.youtube.com/watch?v=DULDIS2qlCU"", ""Mitwa, https://www.youtube.com/watch?v=ru_5PA8cwkE"", ""Rock N Roll Soniye, https://www.youtube.com/watch?v=7nDKFPWbJMU"", ""Pal Pal Har Pal, https://www.youtube.com/watch?v=T53pDKTLvcY"", ""Lage Raho Munna Bhai Title Track, https://www.youtube.com/watch?v=BbwZeE1g9i0"", ""Samjho Ho hi Gaya, https://www.youtube.com/watch?v=2ytbpXX0sDg""]"
20060911,"[""Jaane Hoga Kya, https://en.wikipedia.org/wiki/Jaane_Hoga_Kya"", ""Naksha, https://en.wikipedia.org/wiki/Naksha""]","[""Kabhi Alvida Naa Kehna, https://www.youtube.com/watch?v=O8fIwHfZz2E"", ""Tumhi Dekho Naa, https://www.youtube.com/watch?v=DULDIS2qlCU"", ""Mitwa, https://www.youtube.com/watch?v=ru_5PA8cwkE"", ""Rock N Roll Soniye, https://www.youtube.com/watch?v=7nDKFPWbJMU"", ""Pal Pal Har Pal, https://www.youtube.com/watch?v=T53pDKTLvcY"", ""Lage Raho Munna Bhai Title Track, https://www.youtube.com/watch?v=BbwZeE1g9i0"", ""Samjho Ho hi Gaya, https://www.youtube.com/watch?v=2ytbpXX0sDg""]"
20060912,"[""Jaane Hoga Kya, https://en.wikipedia.org/wiki/Jaane_Hoga_Kya"", ""Naksha, https://en.wikipedia.org/wiki/Naksha""]","[""Kabhi Alvida Naa Kehna, https://www.youtube.com/watch?v=O8fIwHfZz2E"", ""Tumhi Dekho Naa, https://www.youtube.com/watch?v=DULDIS2qlCU"", ""Mitwa, https://www.youtube.com/watch?v=ru_5PA8cwkE"", ""Rock N Roll Soniye, https://www.youtube.com/watch?v=7nDKFPWbJMU"", ""Pal Pal Har Pal, https://www.youtube.com/watch?v=T53pDKTLvcY"", ""Lage Raho Munna Bhai Title Track, https://www.youtube.com/watch?v=BbwZeE1g9i0"", ""Samjho Ho hi Gaya, https://www.youtube.com/watch?v=2ytbpXX0sDg""]"
20060913,"[""Jaane Hoga Kya, https://en.wikipedia.org/wiki/Jaane_Hoga_Kya"", ""Naksha, https://en.wikipedia.org/wiki/Naksha""]","[""Kabhi Alvida Naa Kehna, https://www.youtube.com/watch?v=O8fIwHfZz2E"", ""Tumhi Dekho Naa, https://www.youtube.com/watch?v=DULDIS2qlCU"", ""Mitwa, https://www.youtube.com/watch?v=ru_5PA8cwkE"", ""Rock N Roll Soniye, https://www.youtube.com/watch?v=7nDKFPWbJMU"", ""Pal Pal Har Pal, https://www.youtube.com/watch?v=T53pDKTLvcY"", ""Lage Raho Munna Bhai Title Track, https://www.youtube.com/watch?v=BbwZeE1g9i0"", ""Samjho Ho hi Gaya, https://www.youtube.com/watch?v=2ytbpXX0sDg""]"
20060914,"[""Jaane Hoga Kya, https://en.wikipedia.org/wiki/Jaane_Hoga_Kya"", ""Naksha, https://en.wikipedia.org/wiki/Naksha""]","[""Kabhi Alvida Naa Kehna, https://www.youtube.com/watch?v=O8fIwHfZz2E"", ""Tumhi Dekho Naa, https://www.youtube.com/watch?v=DULDIS2qlCU"", ""Mitwa, https://www.youtube.com/watch?v=ru_5PA8cwkE"", ""Rock N Roll Soniye, https://www.youtube.com/watch?v=7nDKFPWbJMU"", ""Pal Pal Har Pal, https://www.youtube.com/watch?v=T53pDKTLvcY"", ""Lage Raho Munna Bhai Title Track, https://www.youtube.com/watch?v=BbwZeE1g9i0"", ""Samjho Ho hi Gaya, https://www.youtube.com/watch?v=2ytbpXX0sDg""]"
20060915,"[""Jaane Hoga Kya, https://en.wikipedia.org/wiki/Jaane_Hoga_Kya"", ""Naksha, https://en.wikipedia.org/wiki/Naksha""]","[""Kabhi Alvida Naa Kehna, https://www.youtube.com/watch?v=O8fIwHfZz2E"", ""Tumhi Dekho Naa, https://www.youtube.com/watch?v=DULDIS2qlCU"", ""Mitwa, https://www.youtube.com/watch?v=ru_5PA8cwkE"", ""Rock N Roll Soniye, https://www.youtube.com/watch?v=7nDKFPWbJMU"", ""Pal Pal Har Pal, https://www.youtube.com/watch?v=T53pDKTLvcY"", ""Lage Raho Munna Bhai Title Track, https://www.youtube.com/watch?v=BbwZeE1g9i0"", ""Samjho Ho hi Gaya, https://www.youtube.com/watch?v=2ytbpXX0sDg""]"
20060916,"[""Naksha, https://en.wikipedia.org/wiki/Naksha""]","[""Pal Pal Har Pal, https://www.youtube.com/watch?v=T53pDKTLvcY"", ""Lage Raho Munna Bhai Title Track, https://www.youtube.com/watch?v=BbwZeE1g9i0"", ""Samjho Ho hi Gaya, https://www.youtube.com/watch?v=2ytbpXX0sDg""]"
20060917,"[""Naksha, https://en.wikipedia.org/wiki/Naksha""]","[""Pal Pal Har Pal, https://www.youtube.com/watch?v=T53pDKTLvcY"", ""Lage Raho Munna Bhai Title Track, https://www.youtube.com/watch?v=BbwZeE1g9i0"", ""Samjho Ho hi Gaya, https://www.youtube.com/watch?v=2ytbpXX0sDg""]"
20060918,"[""Naksha, https://en.wikipedia.org/wiki/Naksha""]","[""Pal Pal Har Pal, https://www.youtube.com/watch?v=T53pDKTLvcY"", ""Lage Raho Munna Bhai Title Track, https://www.youtube.com/watch?v=BbwZeE1g9i0"", ""Samjho Ho hi Gaya, https://www.youtube.com/watch?v=2ytbpXX0sDg""]"
20060919,"[""Naksha, https://en.wikipedia.org/wiki/Naksha""]","[""Pal Pal Har Pal, https://www.youtube.com/watch?v=T53pDKTLvcY"", ""Lage Raho Munna Bhai Title Track, https://www.youtube.com/watch?v=BbwZeE1g9i0"", ""Samjho Ho hi Gaya, https://www.youtube.com/watch?v=2ytbpXX0sDg""]"
20060920,"[""Naksha, https://en.wikipedia.org/wiki/Naksha""]","[""Pal Pal Har Pal, https://www.youtube.com/watch?v=T53pDKTLvcY"", ""Lage Raho Munna Bhai Title Track, https://www.youtube.com/watch?v=BbwZeE1g9i0"", ""Samjho Ho hi Gaya, https://www.youtube.com/watch?v=2ytbpXX0sDg""]"
20060921,"[""Naksha, https://en.wikipedia.org/wiki/Naksha""]","[""Pal Pal Har Pal, https://www.youtube.com/watch?v=T53pDKTLvcY"", ""Lage Raho Munna Bhai Title Track, https://www.youtube.com/watch?v=BbwZeE1g9i0"", ""Samjho Ho hi Gaya, https://www.youtube.com/watch?v=2ytbpXX0sDg""]"
20060922,"[""Dor, https://en.wikipedia.org/wiki/Dor_(film)"", ""Khosla Ka Ghosla, https://en.wikipedia.org/wiki/Khosla_Ka_Ghosla"", ""Rocky, https://en.wikipedia.org/wiki/Rocky_(2006_Indian_film)""]","[""Chak De Phattey, https://www.youtube.com/watch?v=gz00gYCzkMU&list=RDgz00gYCzkMU&start_radio=1"", ""Pal Pal Har Pal, https://www.youtube.com/watch?v=T53pDKTLvcY"", ""Lage Raho Munna Bhai Title Track, https://www.youtube.com/watch?v=BbwZeE1g9i0"", ""Samjho Ho hi Gaya, https://www.youtube.com/watch?v=2ytbpXX0sDg""]"
20060923,"[""Dor, https://en.wikipedia.org/wiki/Dor_(film)"", ""Khosla Ka Ghosla, https://en.wikipedia.org/wiki/Khosla_Ka_Ghosla"", ""Rocky, https://en.wikipedia.org/wiki/Rocky_(2006_Indian_film)""]","[""Chak De Phattey, https://www.youtube.com/watch?v=gz00gYCzkMU&list=RDgz00gYCzkMU&start_radio=1"", ""Pal Pal Har Pal, https://www.youtube.com/watch?v=T53pDKTLvcY"", ""Lage Raho Munna Bhai Title Track, https://www.youtube.com/watch?v=BbwZeE1g9i0"", ""Samjho Ho hi Gaya, https://www.youtube.com/watch?v=2ytbpXX0sDg""]"
20060924,"[""Dor, https://en.wikipedia.org/wiki/Dor_(film)"", ""Khosla Ka Ghosla, https://en.wikipedia.org/wiki/Khosla_Ka_Ghosla"", ""Rocky, https://en.wikipedia.org/wiki/Rocky_(2006_Indian_film)""]","[""Chak De Phattey, https://www.youtube.com/watch?v=gz00gYCzkMU&list=RDgz00gYCzkMU&start_radio=1"", ""Pal Pal Har Pal, https://www.youtube.com/watch?v=T53pDKTLvcY"", ""Lage Raho Munna Bhai Title Track, https://www.youtube.com/watch?v=BbwZeE1g9i0"", ""Samjho Ho hi Gaya, https://www.youtube.com/watch?v=2ytbpXX0sDg""]"
20060925,"[""Dor, https://en.wikipedia.org/wiki/Dor_(film)"", ""Khosla Ka Ghosla, https://en.wikipedia.org/wiki/Khosla_Ka_Ghosla"", ""Rocky, https://en.wikipedia.org/wiki/Rocky_(2006_Indian_film)""]","[""Chak De Phattey, https://www.youtube.com/watch?v=gz00gYCzkMU&list=RDgz00gYCzkMU&start_radio=1"", ""Pal Pal Har Pal, https://www.youtube.com/watch?v=T53pDKTLvcY"", ""Lage Raho Munna Bhai Title Track, https://www.youtube.com/watch?v=BbwZeE1g9i0"", ""Samjho Ho hi Gaya, https://www.youtube.com/watch?v=2ytbpXX0sDg""]"
20060926,"[""Dor, https://en.wikipedia.org/wiki/Dor_(film)"", ""Khosla Ka Ghosla, https://en.wikipedia.org/wiki/Khosla_Ka_Ghosla"", ""Rocky, https://en.wikipedia.org/wiki/Rocky_(2006_Indian_film)""]","[""Chak De Phattey, https://www.youtube.com/watch?v=gz00gYCzkMU&list=RDgz00gYCzkMU&start_radio=1"", ""Pal Pal Har Pal, https://www.youtube.com/watch?v=T53pDKTLvcY"", ""Lage Raho Munna Bhai Title Track, https://www.youtube.com/watch?v=BbwZeE1g9i0"", ""Samjho Ho hi Gaya, https://www.youtube.com/watch?v=2ytbpXX0sDg""]"
20060927,"[""Dor, https://en.wikipedia.org/wiki/Dor_(film)"", ""Khosla Ka Ghosla, https://en.wikipedia.org/wiki/Khosla_Ka_Ghosla"", ""Rocky, https://en.wikipedia.org/wiki/Rocky_(2006_Indian_film)""]","[""Chak De Phattey, https://www.youtube.com/watch?v=gz00gYCzkMU&list=RDgz00gYCzkMU&start_radio=1"", ""Pal Pal Har Pal, https://www.youtube.com/watch?v=T53pDKTLvcY"", ""Lage Raho Munna Bhai Title Track, https://www.youtube.com/watch?v=BbwZeE1g9i0"", ""Samjho Ho hi Gaya, https://www.youtube.com/watch?v=2ytbpXX0sDg""]"
20060928,"[""Dor, https://en.wikipedia.org/wiki/Dor_(film)"", ""Khosla Ka Ghosla, https://en.wikipedia.org/wiki/Khosla_Ka_Ghosla"", ""Rocky, https://en.wikipedia.org/wiki/Rocky_(2006_Indian_film)""]","[""Chak De Phattey, https://www.youtube.com/watch?v=gz00gYCzkMU&list=RDgz00gYCzkMU&start_radio=1"", ""Pal Pal Har Pal, https://www.youtube.com/watch?v=T53pDKTLvcY"", ""Lage Raho Munna Bhai Title Track, https://www.youtube.com/watch?v=BbwZeE1g9i0"", ""Samjho Ho hi Gaya, https://www.youtube.com/watch?v=2ytbpXX0sDg""]"
20060929,"[""Dor, https://en.wikipedia.org/wiki/Dor_(film)"", ""Khosla Ka Ghosla, https://en.wikipedia.org/wiki/Khosla_Ka_Ghosla"", ""Rocky, https://en.wikipedia.org/wiki/Rocky_(2006_Indian_film)""]","[""Chak De Phattey, https://www.youtube.com/watch?v=gz00gYCzkMU&list=RDgz00gYCzkMU&start_radio=1"", ""Pal Pal Har Pal, https://www.youtube.com/watch?v=T53pDKTLvcY"", ""Lage Raho Munna Bhai Title Track, https://www.youtube.com/watch?v=BbwZeE1g9i0"", ""Samjho Ho hi Gaya, https://www.youtube.com/watch?v=2ytbpXX0sDg""]"
20060930,"[""Dor, https://en.wikipedia.org/wiki/Dor_(film)"", ""Khosla Ka Ghosla, https://en.wikipedia.org/wiki/Khosla_Ka_Ghosla"", ""Rocky, https://en.wikipedia.org/wiki/Rocky_(2006_Indian_film)""]","[""Chak De Phattey, https://www.youtube.com/watch?v=gz00gYCzkMU&list=RDgz00gYCzkMU&start_radio=1"", ""Pal Pal Har Pal, https://www.youtube.com/watch?v=T53pDKTLvcY"", ""Lage Raho Munna Bhai Title Track, https://www.youtube.com/watch?v=BbwZeE1g9i0"", ""Samjho Ho hi Gaya, https://www.youtube.com/watch?v=2ytbpXX0sDg""]"
20061001,"[""Dor, https://en.wikipedia.org/wiki/Dor_(film)"", ""Khosla Ka Ghosla, https://en.wikipedia.org/wiki/Khosla_Ka_Ghosla"", ""Rocky, https://en.wikipedia.org/wiki/Rocky_(2006_Indian_film)""]","[""Chak De Phattey, https://www.youtube.com/watch?v=gz00gYCzkMU&list=RDgz00gYCzkMU&start_radio=1"", ""Pal Pal Har Pal, https://www.youtube.com/watch?v=T53pDKTLvcY"", ""Lage Raho Munna Bhai Title Track, https://www.youtube.com/watch?v=BbwZeE1g9i0"", ""Samjho Ho hi Gaya, https://www.youtube.com/watch?v=2ytbpXX0sDg""]"
20061002,"[""Dor, https://en.wikipedia.org/wiki/Dor_(film)"", ""Khosla Ka Ghosla, https://en.wikipedia.org/wiki/Khosla_Ka_Ghosla"", ""Rocky, https://en.wikipedia.org/wiki/Rocky_(2006_Indian_film)""]","[""Chak De Phattey, https://www.youtube.com/watch?v=gz00gYCzkMU&list=RDgz00gYCzkMU&start_radio=1"", ""Pal Pal Har Pal, https://www.youtube.com/watch?v=T53pDKTLvcY"", ""Lage Raho Munna Bhai Title Track, https://www.youtube.com/watch?v=BbwZeE1g9i0"", ""Samjho Ho hi Gaya, https://www.youtube.com/watch?v=2ytbpXX0sDg""]"
20061003,"[""Dor, https://en.wikipedia.org/wiki/Dor_(film)"", ""Khosla Ka Ghosla, https://en.wikipedia.org/wiki/Khosla_Ka_Ghosla"", ""Rocky, https://en.wikipedia.org/wiki/Rocky_(2006_Indian_film)""]","[""Chak De Phattey, https://www.youtube.com/watch?v=gz00gYCzkMU&list=RDgz00gYCzkMU&start_radio=1"", ""Pal Pal Har Pal, https://www.youtube.com/watch?v=T53pDKTLvcY"", ""Lage Raho Munna Bhai Title Track, https://www.youtube.com/watch?v=BbwZeE1g9i0"", ""Samjho Ho hi Gaya, https://www.youtube.com/watch?v=2ytbpXX0sDg""]"
20061004,"[""Dor, https://en.wikipedia.org/wiki/Dor_(film)"", ""Khosla Ka Ghosla, https://en.wikipedia.org/wiki/Khosla_Ka_Ghosla"", ""Rocky, https://en.wikipedia.org/wiki/Rocky_(2006_Indian_film)""]","[""Chak De Phattey, https://www.youtube.com/watch?v=gz00gYCzkMU&list=RDgz00gYCzkMU&start_radio=1"", ""Pal Pal Har Pal, https://www.youtube.com/watch?v=T53pDKTLvcY"", ""Lage Raho Munna Bhai Title Track, https://www.youtube.com/watch?v=BbwZeE1g9i0"", ""Samjho Ho hi Gaya, https://www.youtube.com/watch?v=2ytbpXX0sDg""]"
20061005,"[""Dor, https://en.wikipedia.org/wiki/Dor_(film)"", ""Khosla Ka Ghosla, https://en.wikipedia.org/wiki/Khosla_Ka_Ghosla"", ""Rocky, https://en.wikipedia.org/wiki/Rocky_(2006_Indian_film)""]","[""Chak De Phattey, https://www.youtube.com/watch?v=gz00gYCzkMU&list=RDgz00gYCzkMU&start_radio=1"", ""Pal Pal Har Pal, https://www.youtube.com/watch?v=T53pDKTLvcY"", ""Lage Raho Munna Bhai Title Track, https://www.youtube.com/watch?v=BbwZeE1g9i0"", ""Samjho Ho hi Gaya, https://www.youtube.com/watch?v=2ytbpXX0sDg""]"
20061006,"[""Zindaggi Rocks, https://en.wikipedia.org/wiki/Zindaggi_Rocks""]","[""Sau Dard Hai, https://www.youtube.com/watch?v=xo8JU-Vc1C0"", ""Hum Ko Maaloom Hain, https://www.youtube.com/watch?v=9jeFD4I6Zuk"", ""Ajnabi Shehar, https://www.youtube.com/watch?v=J_0OkfLzzrQ"", ""Main Hoon Don, https://www.youtube.com/watch?v=NZAi6QTNZtE"", ""Aaj Ki Raat, https://www.youtube.com/watch?v=OXOj4bUuzSg""]"
20061007,"[""Zindaggi Rocks, https://en.wikipedia.org/wiki/Zindaggi_Rocks""]","[""Sau Dard Hai, https://www.youtube.com/watch?v=xo8JU-Vc1C0"", ""Hum Ko Maaloom Hain, https://www.youtube.com/watch?v=9jeFD4I6Zuk"", ""Ajnabi Shehar, https://www.youtube.com/watch?v=J_0OkfLzzrQ"", ""Main Hoon Don, https://www.youtube.com/watch?v=NZAi6QTNZtE"", ""Aaj Ki Raat, https://www.youtube.com/watch?v=OXOj4bUuzSg""]"
20061008,"[""Zindaggi Rocks, https://en.wikipedia.org/wiki/Zindaggi_Rocks""]","[""Sau Dard Hai, https://www.youtube.com/watch?v=xo8JU-Vc1C0"", ""Hum Ko Maaloom Hain, https://www.youtube.com/watch?v=9jeFD4I6Zuk"", ""Ajnabi Shehar, https://www.youtube.com/watch?v=J_0OkfLzzrQ"", ""Main Hoon Don, https://www.youtube.com/watch?v=NZAi6QTNZtE"", ""Aaj Ki Raat, https://www.youtube.com/watch?v=OXOj4bUuzSg""]"
20061009,"[""Zindaggi Rocks, https://en.wikipedia.org/wiki/Zindaggi_Rocks""]","[""Sau Dard Hai, https://www.youtube.com/watch?v=xo8JU-Vc1C0"", ""Hum Ko Maaloom Hain, https://www.youtube.com/watch?v=9jeFD4I6Zuk"", ""Ajnabi Shehar, https://www.youtube.com/watch?v=J_0OkfLzzrQ"", ""Main Hoon Don, https://www.youtube.com/watch?v=NZAi6QTNZtE"", ""Aaj Ki Raat, https://www.youtube.com/watch?v=OXOj4bUuzSg""]"
20061010,"[""Zindaggi Rocks, https://en.wikipedia.org/wiki/Zindaggi_Rocks""]","[""Sau Dard Hai, https://www.youtube.com/watch?v=xo8JU-Vc1C0"", ""Hum Ko Maaloom Hain, https://www.youtube.com/watch?v=9jeFD4I6Zuk"", ""Ajnabi Shehar, https://www.youtube.com/watch?v=J_0OkfLzzrQ"", ""Main Hoon Don, https://www.youtube.com/watch?v=NZAi6QTNZtE"", ""Aaj Ki Raat, https://www.youtube.com/watch?v=OXOj4bUuzSg""]"
20061011,"[""Zindaggi Rocks, https://en.wikipedia.org/wiki/Zindaggi_Rocks""]","[""Sau Dard Hai, https://www.youtube.com/watch?v=xo8JU-Vc1C0"", ""Hum Ko Maaloom Hain, https://www.youtube.com/watch?v=9jeFD4I6Zuk"", ""Ajnabi Shehar, https://www.youtube.com/watch?v=J_0OkfLzzrQ"", ""Main Hoon Don, https://www.youtube.com/watch?v=NZAi6QTNZtE"", ""Aaj Ki Raat, https://www.youtube.com/watch?v=OXOj4bUuzSg""]"
20061012,"[""Zindaggi Rocks, https://en.wikipedia.org/wiki/Zindaggi_Rocks""]","[""Sau Dard Hai, https://www.youtube.com/watch?v=xo8JU-Vc1C0"", ""Hum Ko Maaloom Hain, https://www.youtube.com/watch?v=9jeFD4I6Zuk"", ""Ajnabi Shehar, https://www.youtube.com/watch?v=J_0OkfLzzrQ"", ""Main Hoon Don, https://www.youtube.com/watch?v=NZAi6QTNZtE"", ""Aaj Ki Raat, https://www.youtube.com/watch?v=OXOj4bUuzSg""]"
20061013,"[""Zindaggi Rocks, https://en.wikipedia.org/wiki/Zindaggi_Rocks""]","[""Sau Dard Hai, https://www.youtube.com/watch?v=xo8JU-Vc1C0"", ""Hum Ko Maaloom Hain, https://www.youtube.com/watch?v=9jeFD4I6Zuk"", ""Ajnabi Shehar, https://www.youtube.com/watch?v=J_0OkfLzzrQ"", ""Main Hoon Don, https://www.youtube.com/watch?v=NZAi6QTNZtE"", ""Aaj Ki Raat, https://www.youtube.com/watch?v=OXOj4bUuzSg""]"
20061014,"[""Zindaggi Rocks, https://en.wikipedia.org/wiki/Zindaggi_Rocks""]","[""Sau Dard Hai, https://www.youtube.com/watch?v=xo8JU-Vc1C0"", ""Hum Ko Maaloom Hain, https://www.youtube.com/watch?v=9jeFD4I6Zuk"", ""Ajnabi Shehar, https://www.youtube.com/watch?v=J_0OkfLzzrQ"", ""Main Hoon Don, https://www.youtube.com/watch?v=NZAi6QTNZtE"", ""Aaj Ki Raat, https://www.youtube.com/watch?v=OXOj4bUuzSg""]"
20061015,"[""Zindaggi Rocks, https://en.wikipedia.org/wiki/Zindaggi_Rocks""]","[""Sau Dard Hai, https://www.youtube.com/watch?v=xo8JU-Vc1C0"", ""Hum Ko Maaloom Hain, https://www.youtube.com/watch?v=9jeFD4I6Zuk"", ""Ajnabi Shehar, https://www.youtube.com/watch?v=J_0OkfLzzrQ"", ""Main Hoon Don, https://www.youtube.com/watch?v=NZAi6QTNZtE"", ""Aaj Ki Raat, https://www.youtube.com/watch?v=OXOj4bUuzSg""]"
20061016,"[""Zindaggi Rocks, https://en.wikipedia.org/wiki/Zindaggi_Rocks""]","[""Sau Dard Hai, https://www.youtube.com/watch?v=xo8JU-Vc1C0"", ""Hum Ko Maaloom Hain, https://www.youtube.com/watch?v=9jeFD4I6Zuk"", ""Ajnabi Shehar, https://www.youtube.com/watch?v=J_0OkfLzzrQ"", ""Main Hoon Don, https://www.youtube.com/watch?v=NZAi6QTNZtE"", ""Aaj Ki Raat, https://www.youtube.com/watch?v=OXOj4bUuzSg""]"
20061017,"[""Zindaggi Rocks, https://en.wikipedia.org/wiki/Zindaggi_Rocks""]","[""Sau Dard Hai, https://www.youtube.com/watch?v=xo8JU-Vc1C0"", ""Hum Ko Maaloom Hain, https://www.youtube.com/watch?v=9jeFD4I6Zuk"", ""Ajnabi Shehar, https://www.youtube.com/watch?v=J_0OkfLzzrQ"", ""Main Hoon Don, https://www.youtube.com/watch?v=NZAi6QTNZtE"", ""Aaj Ki Raat, https://www.youtube.com/watch?v=OXOj4bUuzSg""]"
20061018,"[""Zindaggi Rocks, https://en.wikipedia.org/wiki/Zindaggi_Rocks""]","[""Sau Dard Hai, https://www.youtube.com/watch?v=xo8JU-Vc1C0"", ""Hum Ko Maaloom Hain, https://www.youtube.com/watch?v=9jeFD4I6Zuk"", ""Ajnabi Shehar, https://www.youtube.com/watch?v=J_0OkfLzzrQ"", ""Main Hoon Don, https://www.youtube.com/watch?v=NZAi6QTNZtE"", ""Aaj Ki Raat, https://www.youtube.com/watch?v=OXOj4bUuzSg""]"
20061019,"[""Zindaggi Rocks, https://en.wikipedia.org/wiki/Zindaggi_Rocks""]","[""Sau Dard Hai, https://www.youtube.com/watch?v=xo8JU-Vc1C0"", ""Hum Ko Maaloom Hain, https://www.youtube.com/watch?v=9jeFD4I6Zuk"", ""Ajnabi Shehar, https://www.youtube.com/watch?v=J_0OkfLzzrQ"", ""Main Hoon Don, https://www.youtube.com/watch?v=NZAi6QTNZtE"", ""Aaj Ki Raat, https://www.youtube.com/watch?v=OXOj4bUuzSg""]"
20061020,"[""Jaan-E-Mann, https://en.wikipedia.org/wiki/Jaan-E-Mann"", ""Don(2006), https://en.wikipedia.org/wiki/Don_(2006_Hindi_film)""]","[""Sau Dard Hai, https://www.youtube.com/watch?v=xo8JU-Vc1C0"", ""Hum Ko Maaloom Hain, https://www.youtube.com/watch?v=9jeFD4I6Zuk"", ""Ajnabi Shehar, https://www.youtube.com/watch?v=J_0OkfLzzrQ"", ""Main Hoon Don, https://www.youtube.com/watch?v=NZAi6QTNZtE"", ""Aaj Ki Raat, https://www.youtube.com/watch?v=OXOj4bUuzSg""]"
20061021,"[""Jaan-E-Mann, https://en.wikipedia.org/wiki/Jaan-E-Mann"", ""Don(2006), https://en.wikipedia.org/wiki/Don_(2006_Hindi_film)""]","[""Sau Dard Hai, https://www.youtube.com/watch?v=xo8JU-Vc1C0"", ""Hum Ko Maaloom Hain, https://www.youtube.com/watch?v=9jeFD4I6Zuk"", ""Ajnabi Shehar, https://www.youtube.com/watch?v=J_0OkfLzzrQ"", ""Main Hoon Don, https://www.youtube.com/watch?v=NZAi6QTNZtE"", ""Aaj Ki Raat, https://www.youtube.com/watch?v=OXOj4bUuzSg""]"
20061022,"[""Jaan-E-Mann, https://en.wikipedia.org/wiki/Jaan-E-Mann"", ""Don(2006), https://en.wikipedia.org/wiki/Don_(2006_Hindi_film)""]","[""Sau Dard Hai, https://www.youtube.com/watch?v=xo8JU-Vc1C0"", ""Hum Ko Maaloom Hain, https://www.youtube.com/watch?v=9jeFD4I6Zuk"", ""Ajnabi Shehar, https://www.youtube.com/watch?v=J_0OkfLzzrQ"", ""Main Hoon Don, https://www.youtube.com/watch?v=NZAi6QTNZtE"", ""Aaj Ki Raat, https://www.youtube.com/watch?v=OXOj4bUuzSg""]"
20061023,"[""Jaan-E-Mann, https://en.wikipedia.org/wiki/Jaan-E-Mann"", ""Don(2006), https://en.wikipedia.org/wiki/Don_(2006_Hindi_film)""]","[""Sau Dard Hai, https://www.youtube.com/watch?v=xo8JU-Vc1C0"", ""Hum Ko Maaloom Hain, https://www.youtube.com/watch?v=9jeFD4I6Zuk"", ""Ajnabi Shehar, https://www.youtube.com/watch?v=J_0OkfLzzrQ"", ""Main Hoon Don, https://www.youtube.com/watch?v=NZAi6QTNZtE"", ""Aaj Ki Raat, https://www.youtube.com/watch?v=OXOj4bUuzSg""]"
20061024,"[""Jaan-E-Mann, https://en.wikipedia.org/wiki/Jaan-E-Mann"", ""Don(2006), https://en.wikipedia.org/wiki/Don_(2006_Hindi_film)""]","[""Sau Dard Hai, https://www.youtube.com/watch?v=xo8JU-Vc1C0"", ""Hum Ko Maaloom Hain, https://www.youtube.com/watch?v=9jeFD4I6Zuk"", ""Ajnabi Shehar, https://www.youtube.com/watch?v=J_0OkfLzzrQ"", ""Main Hoon Don, https://www.youtube.com/watch?v=NZAi6QTNZtE"", ""Aaj Ki Raat, https://www.youtube.com/watch?v=OXOj4bUuzSg""]"
20061025,"[""Jaan-E-Mann, https://en.wikipedia.org/wiki/Jaan-E-Mann"", ""Don(2006), https://en.wikipedia.org/wiki/Don_(2006_Hindi_film)""]","[""Sau Dard Hai, https://www.youtube.com/watch?v=xo8JU-Vc1C0"", ""Hum Ko Maaloom Hain, https://www.youtube.com/watch?v=9jeFD4I6Zuk"", ""Ajnabi Shehar, https://www.youtube.com/watch?v=J_0OkfLzzrQ"", ""Main Hoon Don, https://www.youtube.com/watch?v=NZAi6QTNZtE"", ""Aaj Ki Raat, https://www.youtube.com/watch?v=OXOj4bUuzSg""]"
20061026,"[""Jaan-E-Mann, https://en.wikipedia.org/wiki/Jaan-E-Mann"", ""Don(2006), https://en.wikipedia.org/wiki/Don_(2006_Hindi_film)""]","[""Sau Dard Hai, https://www.youtube.com/watch?v=xo8JU-Vc1C0"", ""Hum Ko Maaloom Hain, https://www.youtube.com/watch?v=9jeFD4I6Zuk"", ""Ajnabi Shehar, https://www.youtube.com/watch?v=J_0OkfLzzrQ"", ""Main Hoon Don, https://www.youtube.com/watch?v=NZAi6QTNZtE"", ""Aaj Ki Raat, https://www.youtube.com/watch?v=OXOj4bUuzSg""]"
20061027,"[""Jaan-E-Mann, https://en.wikipedia.org/wiki/Jaan-E-Mann"", ""Don(2006), https://en.wikipedia.org/wiki/Don_(2006_Hindi_film)""]","[""Sau Dard Hai, https://www.youtube.com/watch?v=xo8JU-Vc1C0"", ""Hum Ko Maaloom Hain, https://www.youtube.com/watch?v=9jeFD4I6Zuk"", ""Ajnabi Shehar, https://www.youtube.com/watch?v=J_0OkfLzzrQ"", ""Main Hoon Don, https://www.youtube.com/watch?v=NZAi6QTNZtE"", ""Aaj Ki Raat, https://www.youtube.com/watch?v=OXOj4bUuzSg""]"
20061028,"[""Jaan-E-Mann, https://en.wikipedia.org/wiki/Jaan-E-Mann"", ""Don(2006), https://en.wikipedia.org/wiki/Don_(2006_Hindi_film)""]","[""Sau Dard Hai, https://www.youtube.com/watch?v=xo8JU-Vc1C0"", ""Hum Ko Maaloom Hain, https://www.youtube.com/watch?v=9jeFD4I6Zuk"", ""Ajnabi Shehar, https://www.youtube.com/watch?v=J_0OkfLzzrQ"", ""Main Hoon Don, https://www.youtube.com/watch?v=NZAi6QTNZtE"", ""Aaj Ki Raat, https://www.youtube.com/watch?v=OXOj4bUuzSg""]"
20061029,"[""Jaan-E-Mann, https://en.wikipedia.org/wiki/Jaan-E-Mann"", ""Don(2006), https://en.wikipedia.org/wiki/Don_(2006_Hindi_film)""]","[""Sau Dard Hai, https://www.youtube.com/watch?v=xo8JU-Vc1C0"", ""Hum Ko Maaloom Hain, https://www.youtube.com/watch?v=9jeFD4I6Zuk"", ""Ajnabi Shehar, https://www.youtube.com/watch?v=J_0OkfLzzrQ"", ""Main Hoon Don, https://www.youtube.com/watch?v=NZAi6QTNZtE"", ""Aaj Ki Raat, https://www.youtube.com/watch?v=OXOj4bUuzSg""]"
20061030,"[""Jaan-E-Mann, https://en.wikipedia.org/wiki/Jaan-E-Mann"", ""Don(2006), https://en.wikipedia.org/wiki/Don_(2006_Hindi_film)""]","[""Sau Dard Hai, https://www.youtube.com/watch?v=xo8JU-Vc1C0"", ""Hum Ko Maaloom Hain, https://www.youtube.com/watch?v=9jeFD4I6Zuk"", ""Ajnabi Shehar, https://www.youtube.com/watch?v=J_0OkfLzzrQ"", ""Main Hoon Don, https://www.youtube.com/watch?v=NZAi6QTNZtE"", ""Aaj Ki Raat, https://www.youtube.com/watch?v=OXOj4bUuzSg""]"
20061031,"[""Jaan-E-Mann, https://en.wikipedia.org/wiki/Jaan-E-Mann"", ""Don(2006), https://en.wikipedia.org/wiki/Don_(2006_Hindi_film)""]","[""Sau Dard Hai, https://www.youtube.com/watch?v=xo8JU-Vc1C0"", ""Hum Ko Maaloom Hain, https://www.youtube.com/watch?v=9jeFD4I6Zuk"", ""Ajnabi Shehar, https://www.youtube.com/watch?v=J_0OkfLzzrQ"", ""Main Hoon Don, https://www.youtube.com/watch?v=NZAi6QTNZtE"", ""Aaj Ki Raat, https://www.youtube.com/watch?v=OXOj4bUuzSg""]"
20061101,"[""Jaan-E-Mann, https://en.wikipedia.org/wiki/Jaan-E-Mann"", ""Don(2006), https://en.wikipedia.org/wiki/Don_(2006_Hindi_film)""]","[""Sau Dard Hai, https://www.youtube.com/watch?v=xo8JU-Vc1C0"", ""Hum Ko Maaloom Hain, https://www.youtube.com/watch?v=9jeFD4I6Zuk"", ""Ajnabi Shehar, https://www.youtube.com/watch?v=J_0OkfLzzrQ"", ""Main Hoon Don, https://www.youtube.com/watch?v=NZAi6QTNZtE"", ""Aaj Ki Raat, https://www.youtube.com/watch?v=OXOj4bUuzSg""]"
20061102,"[""Jaan-E-Mann, https://en.wikipedia.org/wiki/Jaan-E-Mann"", ""Don(2006), https://en.wikipedia.org/wiki/Don_(2006_Hindi_film)""]","[""Sau Dard Hai, https://www.youtube.com/watch?v=xo8JU-Vc1C0"", ""Hum Ko Maaloom Hain, https://www.youtube.com/watch?v=9jeFD4I6Zuk"", ""Ajnabi Shehar, https://www.youtube.com/watch?v=J_0OkfLzzrQ"", ""Main Hoon Don, https://www.youtube.com/watch?v=NZAi6QTNZtE"", ""Aaj Ki Raat, https://www.youtube.com/watch?v=OXOj4bUuzSg""]"
20061103,"[""Umrao Jaan, https://en.wikipedia.org/wiki/Umrao_Jaan_(2006_film)""]","[""Sau Dard Hai, https://www.youtube.com/watch?v=xo8JU-Vc1C0"", ""Hum Ko Maaloom Hain, https://www.youtube.com/watch?v=9jeFD4I6Zuk"", ""Ajnabi Shehar, https://www.youtube.com/watch?v=J_0OkfLzzrQ"", ""Main Hoon Don, https://www.youtube.com/watch?v=NZAi6QTNZtE"", ""Aaj Ki Raat, https://www.youtube.com/watch?v=OXOj4bUuzSg""]"
20061104,"[""Umrao Jaan, https://en.wikipedia.org/wiki/Umrao_Jaan_(2006_film)""]","[""Sau Dard Hai, https://www.youtube.com/watch?v=xo8JU-Vc1C0"", ""Hum Ko Maaloom Hain, https://www.youtube.com/watch?v=9jeFD4I6Zuk"", ""Ajnabi Shehar, https://www.youtube.com/watch?v=J_0OkfLzzrQ"", ""Main Hoon Don, https://www.youtube.com/watch?v=NZAi6QTNZtE"", ""Aaj Ki Raat, https://www.youtube.com/watch?v=OXOj4bUuzSg""]"
20061105,"[""Umrao Jaan, https://en.wikipedia.org/wiki/Umrao_Jaan_(2006_film)""]","[""Sau Dard Hai, https://www.youtube.com/watch?v=xo8JU-Vc1C0"", ""Hum Ko Maaloom Hain, https://www.youtube.com/watch?v=9jeFD4I6Zuk"", ""Ajnabi Shehar, https://www.youtube.com/watch?v=J_0OkfLzzrQ"", ""Main Hoon Don, https://www.youtube.com/watch?v=NZAi6QTNZtE"", ""Aaj Ki Raat, https://www.youtube.com/watch?v=OXOj4bUuzSg""]"
20061106,"[""Umrao Jaan, https://en.wikipedia.org/wiki/Umrao_Jaan_(2006_film)""]","[""Sau Dard Hai, https://www.youtube.com/watch?v=xo8JU-Vc1C0"", ""Hum Ko Maaloom Hain, https://www.youtube.com/watch?v=9jeFD4I6Zuk"", ""Ajnabi Shehar, https://www.youtube.com/watch?v=J_0OkfLzzrQ"", ""Main Hoon Don, https://www.youtube.com/watch?v=NZAi6QTNZtE"", ""Aaj Ki Raat, https://www.youtube.com/watch?v=OXOj4bUuzSg""]"
20061107,"[""Umrao Jaan, https://en.wikipedia.org/wiki/Umrao_Jaan_(2006_film)""]","[""Sau Dard Hai, https://www.youtube.com/watch?v=xo8JU-Vc1C0"", ""Hum Ko Maaloom Hain, https://www.youtube.com/watch?v=9jeFD4I6Zuk"", ""Ajnabi Shehar, https://www.youtube.com/watch?v=J_0OkfLzzrQ"", ""Main Hoon Don, https://www.youtube.com/watch?v=NZAi6QTNZtE"", ""Aaj Ki Raat, https://www.youtube.com/watch?v=OXOj4bUuzSg""]"
20061108,"[""Umrao Jaan, https://en.wikipedia.org/wiki/Umrao_Jaan_(2006_film)""]","[""Sau Dard Hai, https://www.youtube.com/watch?v=xo8JU-Vc1C0"", ""Hum Ko Maaloom Hain, https://www.youtube.com/watch?v=9jeFD4I6Zuk"", ""Ajnabi Shehar, https://www.youtube.com/watch?v=J_0OkfLzzrQ"", ""Main Hoon Don, https://www.youtube.com/watch?v=NZAi6QTNZtE"", ""Aaj Ki Raat, https://www.youtube.com/watch?v=OXOj4bUuzSg""]"
20061109,"[""Umrao Jaan, https://en.wikipedia.org/wiki/Umrao_Jaan_(2006_film)""]","[""Sau Dard Hai, https://www.youtube.com/watch?v=xo8JU-Vc1C0"", ""Hum Ko Maaloom Hain, https://www.youtube.com/watch?v=9jeFD4I6Zuk"", ""Ajnabi Shehar, https://www.youtube.com/watch?v=J_0OkfLzzrQ"", ""Main Hoon Don, https://www.youtube.com/watch?v=NZAi6QTNZtE"", ""Aaj Ki Raat, https://www.youtube.com/watch?v=OXOj4bUuzSg""]"
20061110,"[""Vivah, https://en.wikipedia.org/wiki/Vivah""]","[""Do Anjaane Ajnabi, https://www.youtube.com/watch?v=tJuivqCGCpI"", ""Milan Abhi Aadha Adhura Hai, https://www.youtube.com/watch?v=bv5j1CUTVGM"", ""Hamari Shaadi Mein, https://www.youtube.com/watch?v=rY4y5FyNj4U"", ""Mujhe Haq Hai, https://www.youtube.com/watch?v=1J1BO6lGug4""]"
20061111,"[""Vivah, https://en.wikipedia.org/wiki/Vivah""]","[""Do Anjaane Ajnabi, https://www.youtube.com/watch?v=tJuivqCGCpI"", ""Milan Abhi Aadha Adhura Hai, https://www.youtube.com/watch?v=bv5j1CUTVGM"", ""Hamari Shaadi Mein, https://www.youtube.com/watch?v=rY4y5FyNj4U"", ""Mujhe Haq Hai, https://www.youtube.com/watch?v=1J1BO6lGug4""]"
20061112,"[""Vivah, https://en.wikipedia.org/wiki/Vivah""]","[""Do Anjaane Ajnabi, https://www.youtube.com/watch?v=tJuivqCGCpI"", ""Milan Abhi Aadha Adhura Hai, https://www.youtube.com/watch?v=bv5j1CUTVGM"", ""Hamari Shaadi Mein, https://www.youtube.com/watch?v=rY4y5FyNj4U"", ""Mujhe Haq Hai, https://www.youtube.com/watch?v=1J1BO6lGug4""]"
20061113,"[""Vivah, https://en.wikipedia.org/wiki/Vivah""]","[""Do Anjaane Ajnabi, https://www.youtube.com/watch?v=tJuivqCGCpI"", ""Milan Abhi Aadha Adhura Hai, https://www.youtube.com/watch?v=bv5j1CUTVGM"", ""Hamari Shaadi Mein, https://www.youtube.com/watch?v=rY4y5FyNj4U"", ""Mujhe Haq Hai, https://www.youtube.com/watch?v=1J1BO6lGug4""]"
20061114,"[""Vivah, https://en.wikipedia.org/wiki/Vivah""]","[""Do Anjaane Ajnabi, https://www.youtube.com/watch?v=tJuivqCGCpI"", ""Milan Abhi Aadha Adhura Hai, https://www.youtube.com/watch?v=bv5j1CUTVGM"", ""Hamari Shaadi Mein, https://www.youtube.com/watch?v=rY4y5FyNj4U"", ""Mujhe Haq Hai, https://www.youtube.com/watch?v=1J1BO6lGug4""]"
20061115,"[""Vivah, https://en.wikipedia.org/wiki/Vivah""]","[""Do Anjaane Ajnabi, https://www.youtube.com/watch?v=tJuivqCGCpI"", ""Milan Abhi Aadha Adhura Hai, https://www.youtube.com/watch?v=bv5j1CUTVGM"", ""Hamari Shaadi Mein, https://www.youtube.com/watch?v=rY4y5FyNj4U"", ""Mujhe Haq Hai, https://www.youtube.com/watch?v=1J1BO6lGug4""]"
20061116,"[""Vivah, https://en.wikipedia.org/wiki/Vivah""]","[""Do Anjaane Ajnabi, https://www.youtube.com/watch?v=tJuivqCGCpI"", ""Milan Abhi Aadha Adhura Hai, https://www.youtube.com/watch?v=bv5j1CUTVGM"", ""Hamari Shaadi Mein, https://www.youtube.com/watch?v=rY4y5FyNj4U"", ""Mujhe Haq Hai, https://www.youtube.com/watch?v=1J1BO6lGug4""]"
20061117,"[""Vivah, https://en.wikipedia.org/wiki/Vivah""]","[""Do Anjaane Ajnabi, https://www.youtube.com/watch?v=tJuivqCGCpI"", ""Milan Abhi Aadha Adhura Hai, https://www.youtube.com/watch?v=bv5j1CUTVGM"", ""Hamari Shaadi Mein, https://www.youtube.com/watch?v=rY4y5FyNj4U"", ""Mujhe Haq Hai, https://www.youtube.com/watch?v=1J1BO6lGug4""]"
20061118,"[""Vivah, https://en.wikipedia.org/wiki/Vivah""]","[""Do Anjaane Ajnabi, https://www.youtube.com/watch?v=tJuivqCGCpI"", ""Milan Abhi Aadha Adhura Hai, https://www.youtube.com/watch?v=bv5j1CUTVGM"", ""Hamari Shaadi Mein, https://www.youtube.com/watch?v=rY4y5FyNj4U"", ""Mujhe Haq Hai, https://www.youtube.com/watch?v=1J1BO6lGug4""]"
20061119,"[""Vivah, https://en.wikipedia.org/wiki/Vivah""]","[""Do Anjaane Ajnabi, https://www.youtube.com/watch?v=tJuivqCGCpI"", ""Milan Abhi Aadha Adhura Hai, https://www.youtube.com/watch?v=bv5j1CUTVGM"", ""Hamari Shaadi Mein, https://www.youtube.com/watch?v=rY4y5FyNj4U"", ""Mujhe Haq Hai, https://www.youtube.com/watch?v=1J1BO6lGug4""]"
20061120,"[""Vivah, https://en.wikipedia.org/wiki/Vivah""]","[""Do Anjaane Ajnabi, https://www.youtube.com/watch?v=tJuivqCGCpI"", ""Milan Abhi Aadha Adhura Hai, https://www.youtube.com/watch?v=bv5j1CUTVGM"", ""Hamari Shaadi Mein, https://www.youtube.com/watch?v=rY4y5FyNj4U"", ""Mujhe Haq Hai, https://www.youtube.com/watch?v=1J1BO6lGug4""]"
20061121,"[""Vivah, https://en.wikipedia.org/wiki/Vivah""]","[""Do Anjaane Ajnabi, https://www.youtube.com/watch?v=tJuivqCGCpI"", ""Milan Abhi Aadha Adhura Hai, https://www.youtube.com/watch?v=bv5j1CUTVGM"", ""Hamari Shaadi Mein, https://www.youtube.com/watch?v=rY4y5FyNj4U"", ""Mujhe Haq Hai, https://www.youtube.com/watch?v=1J1BO6lGug4""]"
20061122,"[""Vivah, https://en.wikipedia.org/wiki/Vivah""]","[""Do Anjaane Ajnabi, https://www.youtube.com/watch?v=tJuivqCGCpI"", ""Milan Abhi Aadha Adhura Hai, https://www.youtube.com/watch?v=bv5j1CUTVGM"", ""Hamari Shaadi Mein, https://www.youtube.com/watch?v=rY4y5FyNj4U"", ""Mujhe Haq Hai, https://www.youtube.com/watch?v=1J1BO6lGug4""]"
20061123,"[""Vivah, https://en.wikipedia.org/wiki/Vivah""]","[""Do Anjaane Ajnabi, https://www.youtube.com/watch?v=tJuivqCGCpI"", ""Milan Abhi Aadha Adhura Hai, https://www.youtube.com/watch?v=bv5j1CUTVGM"", ""Hamari Shaadi Mein, https://www.youtube.com/watch?v=rY4y5FyNj4U"", ""Mujhe Haq Hai, https://www.youtube.com/watch?v=1J1BO6lGug4""]"
20061124,"[""Dhoom 2, https://en.wikipedia.org/wiki/Dhoom_2""]","[""Crazy Kiya Re, https://www.youtube.com/watch?v=J2Bh68GTUOU"", ""Dil Laga Na, https://www.youtube.com/watch?v=gavPKwaMFyc"", ""Touch Me, https://www.youtube.com/watch?v=TWcSSDtSz0o"", ""Dhoom Again, https://www.youtube.com/watch?v=WGXmDsOwW4k""]"
20061125,"[""Dhoom 2, https://en.wikipedia.org/wiki/Dhoom_2""]","[""Crazy Kiya Re, https://www.youtube.com/watch?v=J2Bh68GTUOU"", ""Dil Laga Na, https://www.youtube.com/watch?v=gavPKwaMFyc"", ""Touch Me, https://www.youtube.com/watch?v=TWcSSDtSz0o"", ""Dhoom Again, https://www.youtube.com/watch?v=WGXmDsOwW4k""]"
20061126,"[""Dhoom 2, https://en.wikipedia.org/wiki/Dhoom_2""]","[""Crazy Kiya Re, https://www.youtube.com/watch?v=J2Bh68GTUOU"", ""Dil Laga Na, https://www.youtube.com/watch?v=gavPKwaMFyc"", ""Touch Me, https://www.youtube.com/watch?v=TWcSSDtSz0o"", ""Dhoom Again, https://www.youtube.com/watch?v=WGXmDsOwW4k""]"
20061127,"[""Dhoom 2, https://en.wikipedia.org/wiki/Dhoom_2""]","[""Crazy Kiya Re, https://www.youtube.com/watch?v=J2Bh68GTUOU"", ""Dil Laga Na, https://www.youtube.com/watch?v=gavPKwaMFyc"", ""Touch Me, https://www.youtube.com/watch?v=TWcSSDtSz0o"", ""Dhoom Again, https://www.youtube.com/watch?v=WGXmDsOwW4k""]"
20061128,"[""Dhoom 2, https://en.wikipedia.org/wiki/Dhoom_2""]","[""Crazy Kiya Re, https://www.youtube.com/watch?v=J2Bh68GTUOU"", ""Dil Laga Na, https://www.youtube.com/watch?v=gavPKwaMFyc"", ""Touch Me, https://www.youtube.com/watch?v=TWcSSDtSz0o"", ""Dhoom Again, https://www.youtube.com/watch?v=WGXmDsOwW4k""]"
20061129,"[""Dhoom 2, https://en.wikipedia.org/wiki/Dhoom_2""]","[""Crazy Kiya Re, https://www.youtube.com/watch?v=J2Bh68GTUOU"", ""Dil Laga Na, https://www.youtube.com/watch?v=gavPKwaMFyc"", ""Touch Me, https://www.youtube.com/watch?v=TWcSSDtSz0o"", ""Dhoom Again, https://www.youtube.com/watch?v=WGXmDsOwW4k""]"
20061130,"[""Dhoom 2, https://en.wikipedia.org/wiki/Dhoom_2""]","[""Crazy Kiya Re, https://www.youtube.com/watch?v=J2Bh68GTUOU"", ""Dil Laga Na, https://www.youtube.com/watch?v=gavPKwaMFyc"", ""Touch Me, https://www.youtube.com/watch?v=TWcSSDtSz0o"", ""Dhoom Again, https://www.youtube.com/watch?v=WGXmDsOwW4k""]"
20061201,"[""Dhoom 2, https://en.wikipedia.org/wiki/Dhoom_2""]","[""Crazy Kiya Re, https://www.youtube.com/watch?v=J2Bh68GTUOU"", ""Dil Laga Na, https://www.youtube.com/watch?v=gavPKwaMFyc"", ""Touch Me, https://www.youtube.com/watch?v=TWcSSDtSz0o"", ""Dhoom Again, https://www.youtube.com/watch?v=WGXmDsOwW4k""]"
20061202,"[""Dhoom 2, https://en.wikipedia.org/wiki/Dhoom_2""]","[""Crazy Kiya Re, https://www.youtube.com/watch?v=J2Bh68GTUOU"", ""Dil Laga Na, https://www.youtube.com/watch?v=gavPKwaMFyc"", ""Touch Me, https://www.youtube.com/watch?v=TWcSSDtSz0o"", ""Dhoom Again, https://www.youtube.com/watch?v=WGXmDsOwW4k""]"
20061203,"[""Dhoom 2, https://en.wikipedia.org/wiki/Dhoom_2""]","[""Crazy Kiya Re, https://www.youtube.com/watch?v=J2Bh68GTUOU"", ""Dil Laga Na, https://www.youtube.com/watch?v=gavPKwaMFyc"", ""Touch Me, https://www.youtube.com/watch?v=TWcSSDtSz0o"", ""Dhoom Again, https://www.youtube.com/watch?v=WGXmDsOwW4k""]"
20061204,"[""Dhoom 2, https://en.wikipedia.org/wiki/Dhoom_2""]","[""Crazy Kiya Re, https://www.youtube.com/watch?v=J2Bh68GTUOU"", ""Dil Laga Na, https://www.youtube.com/watch?v=gavPKwaMFyc"", ""Touch Me, https://www.youtube.com/watch?v=TWcSSDtSz0o"", ""Dhoom Again, https://www.youtube.com/watch?v=WGXmDsOwW4k""]"
20061205,"[""Dhoom 2, https://en.wikipedia.org/wiki/Dhoom_2""]","[""Crazy Kiya Re, https://www.youtube.com/watch?v=J2Bh68GTUOU"", ""Dil Laga Na, https://www.youtube.com/watch?v=gavPKwaMFyc"", ""Touch Me, https://www.youtube.com/watch?v=TWcSSDtSz0o"", ""Dhoom Again, https://www.youtube.com/watch?v=WGXmDsOwW4k""]"
20061206,"[""Baabul, https://en.wikipedia.org/wiki/Baabul_(2006_film)""]","[""Do Anjaane Ajnabi, https://www.youtube.com/watch?v=tJuivqCGCpI"", ""Milan Abhi Aadha Adhura Hai, https://www.youtube.com/watch?v=bv5j1CUTVGM"", ""Hamari Shaadi Mein, https://www.youtube.com/watch?v=rY4y5FyNj4U"", ""Mujhe Haq Hai, https://www.youtube.com/watch?v=1J1BO6lGug4"", ""Crazy Kiya Re, https://www.youtube.com/watch?v=J2Bh68GTUOU"", ""Dil Laga Na, https://www.youtube.com/watch?v=gavPKwaMFyc"", ""Touch Me, https://www.youtube.com/watch?v=TWcSSDtSz0o"", ""Dhoom Again, https://www.youtube.com/watch?v=WGXmDsOwW4k""]"
20061207,"[""Baabul, https://en.wikipedia.org/wiki/Baabul_(2006_film)""]","[""Do Anjaane Ajnabi, https://www.youtube.com/watch?v=tJuivqCGCpI"", ""Milan Abhi Aadha Adhura Hai, https://www.youtube.com/watch?v=bv5j1CUTVGM"", ""Hamari Shaadi Mein, https://www.youtube.com/watch?v=rY4y5FyNj4U"", ""Mujhe Haq Hai, https://www.youtube.com/watch?v=1J1BO6lGug4"", ""Crazy Kiya Re, https://www.youtube.com/watch?v=J2Bh68GTUOU"", ""Dil Laga Na, https://www.youtube.com/watch?v=gavPKwaMFyc"", ""Touch Me, https://www.youtube.com/watch?v=TWcSSDtSz0o"", ""Dhoom Again, https://www.youtube.com/watch?v=WGXmDsOwW4k""]"
20061208,"[""Baabul, https://en.wikipedia.org/wiki/Baabul_(2006_film)""]","[""Do Anjaane Ajnabi, https://www.youtube.com/watch?v=tJuivqCGCpI"", ""Milan Abhi Aadha Adhura Hai, https://www.youtube.com/watch?v=bv5j1CUTVGM"", ""Hamari Shaadi Mein, https://www.youtube.com/watch?v=rY4y5FyNj4U"", ""Mujhe Haq Hai, https://www.youtube.com/watch?v=1J1BO6lGug4"", ""Crazy Kiya Re, https://www.youtube.com/watch?v=J2Bh68GTUOU"", ""Dil Laga Na, https://www.youtube.com/watch?v=gavPKwaMFyc"", ""Touch Me, https://www.youtube.com/watch?v=TWcSSDtSz0o"", ""Dhoom Again, https://www.youtube.com/watch?v=WGXmDsOwW4k""]"
20061209,"[""Baabul, https://en.wikipedia.org/wiki/Baabul_(2006_film)""]","[""Do Anjaane Ajnabi, https://www.youtube.com/watch?v=tJuivqCGCpI"", ""Milan Abhi Aadha Adhura Hai, https://www.youtube.com/watch?v=bv5j1CUTVGM"", ""Hamari Shaadi Mein, https://www.youtube.com/watch?v=rY4y5FyNj4U"", ""Mujhe Haq Hai, https://www.youtube.com/watch?v=1J1BO6lGug4"", ""Crazy Kiya Re, https://www.youtube.com/watch?v=J2Bh68GTUOU"", ""Dil Laga Na, https://www.youtube.com/watch?v=gavPKwaMFyc"", ""Touch Me, https://www.youtube.com/watch?v=TWcSSDtSz0o"", ""Dhoom Again, https://www.youtube.com/watch?v=WGXmDsOwW4k""]"
20061210,"[""Baabul, https://en.wikipedia.org/wiki/Baabul_(2006_film)""]","[""Do Anjaane Ajnabi, https://www.youtube.com/watch?v=tJuivqCGCpI"", ""Milan Abhi Aadha Adhura Hai, https://www.youtube.com/watch?v=bv5j1CUTVGM"", ""Hamari Shaadi Mein, https://www.youtube.com/watch?v=rY4y5FyNj4U"", ""Mujhe Haq Hai, https://www.youtube.com/watch?v=1J1BO6lGug4"", ""Crazy Kiya Re, https://www.youtube.com/watch?v=J2Bh68GTUOU"", ""Dil Laga Na, https://www.youtube.com/watch?v=gavPKwaMFyc"", ""Touch Me, https://www.youtube.com/watch?v=TWcSSDtSz0o"", ""Dhoom Again, https://www.youtube.com/watch?v=WGXmDsOwW4k""]"
20061211,"[""Baabul, https://en.wikipedia.org/wiki/Baabul_(2006_film)""]","[""Do Anjaane Ajnabi, https://www.youtube.com/watch?v=tJuivqCGCpI"", ""Milan Abhi Aadha Adhura Hai, https://www.youtube.com/watch?v=bv5j1CUTVGM"", ""Hamari Shaadi Mein, https://www.youtube.com/watch?v=rY4y5FyNj4U"", ""Mujhe Haq Hai, https://www.youtube.com/watch?v=1J1BO6lGug4"", ""Crazy Kiya Re, https://www.youtube.com/watch?v=J2Bh68GTUOU"", ""Dil Laga Na, https://www.youtube.com/watch?v=gavPKwaMFyc"", ""Touch Me, https://www.youtube.com/watch?v=TWcSSDtSz0o"", ""Dhoom Again, https://www.youtube.com/watch?v=WGXmDsOwW4k""]"
20061212,"[""Baabul, https://en.wikipedia.org/wiki/Baabul_(2006_film)""]","[""Do Anjaane Ajnabi, https://www.youtube.com/watch?v=tJuivqCGCpI"", ""Milan Abhi Aadha Adhura Hai, https://www.youtube.com/watch?v=bv5j1CUTVGM"", ""Hamari Shaadi Mein, https://www.youtube.com/watch?v=rY4y5FyNj4U"", ""Mujhe Haq Hai, https://www.youtube.com/watch?v=1J1BO6lGug4"", ""Crazy Kiya Re, https://www.youtube.com/watch?v=J2Bh68GTUOU"", ""Dil Laga Na, https://www.youtube.com/watch?v=gavPKwaMFyc"", ""Touch Me, https://www.youtube.com/watch?v=TWcSSDtSz0o"", ""Dhoom Again, https://www.youtube.com/watch?v=WGXmDsOwW4k""]"
20061213,"[""Baabul, https://en.wikipedia.org/wiki/Baabul_(2006_film)""]","[""Do Anjaane Ajnabi, https://www.youtube.com/watch?v=tJuivqCGCpI"", ""Milan Abhi Aadha Adhura Hai, https://www.youtube.com/watch?v=bv5j1CUTVGM"", ""Hamari Shaadi Mein, https://www.youtube.com/watch?v=rY4y5FyNj4U"", ""Mujhe Haq Hai, https://www.youtube.com/watch?v=1J1BO6lGug4"", ""Crazy Kiya Re, https://www.youtube.com/watch?v=J2Bh68GTUOU"", ""Dil Laga Na, https://www.youtube.com/watch?v=gavPKwaMFyc"", ""Touch Me, https://www.youtube.com/watch?v=TWcSSDtSz0o"", ""Dhoom Again, https://www.youtube.com/watch?v=WGXmDsOwW4k""]"
20061214,"[""Baabul, https://en.wikipedia.org/wiki/Baabul_(2006_film)""]","[""Do Anjaane Ajnabi, https://www.youtube.com/watch?v=tJuivqCGCpI"", ""Milan Abhi Aadha Adhura Hai, https://www.youtube.com/watch?v=bv5j1CUTVGM"", ""Hamari Shaadi Mein, https://www.youtube.com/watch?v=rY4y5FyNj4U"", ""Mujhe Haq Hai, https://www.youtube.com/watch?v=1J1BO6lGug4"", ""Crazy Kiya Re, https://www.youtube.com/watch?v=J2Bh68GTUOU"", ""Dil Laga Na, https://www.youtube.com/watch?v=gavPKwaMFyc"", ""Touch Me, https://www.youtube.com/watch?v=TWcSSDtSz0o"", ""Dhoom Again, https://www.youtube.com/watch?v=WGXmDsOwW4k""]"
20061215,"[""Kabul Express, https://en.wikipedia.org/wiki/Kabul_Express""]","[""Do Anjaane Ajnabi, https://www.youtube.com/watch?v=tJuivqCGCpI"", ""Milan Abhi Aadha Adhura Hai, https://www.youtube.com/watch?v=bv5j1CUTVGM"", ""Hamari Shaadi Mein, https://www.youtube.com/watch?v=rY4y5FyNj4U"", ""Mujhe Haq Hai, https://www.youtube.com/watch?v=1J1BO6lGug4"", ""Crazy Kiya Re, https://www.youtube.com/watch?v=J2Bh68GTUOU"", ""Dil Laga Na, https://www.youtube.com/watch?v=gavPKwaMFyc"", ""Touch Me, https://www.youtube.com/watch?v=TWcSSDtSz0o"", ""Dhoom Again, https://www.youtube.com/watch?v=WGXmDsOwW4k""]"
20061216,"[""Kabul Express, https://en.wikipedia.org/wiki/Kabul_Express""]","[""Do Anjaane Ajnabi, https://www.youtube.com/watch?v=tJuivqCGCpI"", ""Milan Abhi Aadha Adhura Hai, https://www.youtube.com/watch?v=bv5j1CUTVGM"", ""Hamari Shaadi Mein, https://www.youtube.com/watch?v=rY4y5FyNj4U"", ""Mujhe Haq Hai, https://www.youtube.com/watch?v=1J1BO6lGug4"", ""Crazy Kiya Re, https://www.youtube.com/watch?v=J2Bh68GTUOU"", ""Dil Laga Na, https://www.youtube.com/watch?v=gavPKwaMFyc"", ""Touch Me, https://www.youtube.com/watch?v=TWcSSDtSz0o"", ""Dhoom Again, https://www.youtube.com/watch?v=WGXmDsOwW4k""]"
20061217,"[""Kabul Express, https://en.wikipedia.org/wiki/Kabul_Express""]","[""Do Anjaane Ajnabi, https://www.youtube.com/watch?v=tJuivqCGCpI"", ""Milan Abhi Aadha Adhura Hai, https://www.youtube.com/watch?v=bv5j1CUTVGM"", ""Hamari Shaadi Mein, https://www.youtube.com/watch?v=rY4y5FyNj4U"", ""Mujhe Haq Hai, https://www.youtube.com/watch?v=1J1BO6lGug4"", ""Crazy Kiya Re, https://www.youtube.com/watch?v=J2Bh68GTUOU"", ""Dil Laga Na, https://www.youtube.com/watch?v=gavPKwaMFyc"", ""Touch Me, https://www.youtube.com/watch?v=TWcSSDtSz0o"", ""Dhoom Again, https://www.youtube.com/watch?v=WGXmDsOwW4k""]"
20061218,"[""Kabul Express, https://en.wikipedia.org/wiki/Kabul_Express""]","[""Do Anjaane Ajnabi, https://www.youtube.com/watch?v=tJuivqCGCpI"", ""Milan Abhi Aadha Adhura Hai, https://www.youtube.com/watch?v=bv5j1CUTVGM"", ""Hamari Shaadi Mein, https://www.youtube.com/watch?v=rY4y5FyNj4U"", ""Mujhe Haq Hai, https://www.youtube.com/watch?v=1J1BO6lGug4"", ""Crazy Kiya Re, https://www.youtube.com/watch?v=J2Bh68GTUOU"", ""Dil Laga Na, https://www.youtube.com/watch?v=gavPKwaMFyc"", ""Touch Me, https://www.youtube.com/watch?v=TWcSSDtSz0o"", ""Dhoom Again, https://www.youtube.com/watch?v=WGXmDsOwW4k""]"
20061219,"[""Kabul Express, https://en.wikipedia.org/wiki/Kabul_Express""]","[""Do Anjaane Ajnabi, https://www.youtube.com/watch?v=tJuivqCGCpI"", ""Milan Abhi Aadha Adhura Hai, https://www.youtube.com/watch?v=bv5j1CUTVGM"", ""Hamari Shaadi Mein, https://www.youtube.com/watch?v=rY4y5FyNj4U"", ""Mujhe Haq Hai, https://www.youtube.com/watch?v=1J1BO6lGug4"", ""Crazy Kiya Re, https://www.youtube.com/watch?v=J2Bh68GTUOU"", ""Dil Laga Na, https://www.youtube.com/watch?v=gavPKwaMFyc"", ""Touch Me, https://www.youtube.com/watch?v=TWcSSDtSz0o"", ""Dhoom Again, https://www.youtube.com/watch?v=WGXmDsOwW4k""]"
20061220,"[""Kabul Express, https://en.wikipedia.org/wiki/Kabul_Express""]","[""Do Anjaane Ajnabi, https://www.youtube.com/watch?v=tJuivqCGCpI"", ""Milan Abhi Aadha Adhura Hai, https://www.youtube.com/watch?v=bv5j1CUTVGM"", ""Hamari Shaadi Mein, https://www.youtube.com/watch?v=rY4y5FyNj4U"", ""Mujhe Haq Hai, https://www.youtube.com/watch?v=1J1BO6lGug4"", ""Crazy Kiya Re, https://www.youtube.com/watch?v=J2Bh68GTUOU"", ""Dil Laga Na, https://www.youtube.com/watch?v=gavPKwaMFyc"", ""Touch Me, https://www.youtube.com/watch?v=TWcSSDtSz0o"", ""Dhoom Again, https://www.youtube.com/watch?v=WGXmDsOwW4k""]"
20061221,"[""Kabul Express, https://en.wikipedia.org/wiki/Kabul_Express""]","[""Do Anjaane Ajnabi, https://www.youtube.com/watch?v=tJuivqCGCpI"", ""Milan Abhi Aadha Adhura Hai, https://www.youtube.com/watch?v=bv5j1CUTVGM"", ""Hamari Shaadi Mein, https://www.youtube.com/watch?v=rY4y5FyNj4U"", ""Mujhe Haq Hai, https://www.youtube.com/watch?v=1J1BO6lGug4"", ""Crazy Kiya Re, https://www.youtube.com/watch?v=J2Bh68GTUOU"", ""Dil Laga Na, https://www.youtube.com/watch?v=gavPKwaMFyc"", ""Touch Me, https://www.youtube.com/watch?v=TWcSSDtSz0o"", ""Dhoom Again, https://www.youtube.com/watch?v=WGXmDsOwW4k""]"
20061222,"[""Bhagam Bhag, https://en.wikipedia.org/wiki/Bhagam_Bhag""]","[""Do Anjaane Ajnabi, https://www.youtube.com/watch?v=tJuivqCGCpI"", ""Milan Abhi Aadha Adhura Hai, https://www.youtube.com/watch?v=bv5j1CUTVGM"", ""Hamari Shaadi Mein, https://www.youtube.com/watch?v=rY4y5FyNj4U"", ""Mujhe Haq Hai, https://www.youtube.com/watch?v=1J1BO6lGug4"", ""Crazy Kiya Re, https://www.youtube.com/watch?v=J2Bh68GTUOU"", ""Dil Laga Na, https://www.youtube.com/watch?v=gavPKwaMFyc"", ""Touch Me, https://www.youtube.com/watch?v=TWcSSDtSz0o"", ""Dhoom Again, https://www.youtube.com/watch?v=WGXmDsOwW4k""]"
20061223,"[""Bhagam Bhag, https://en.wikipedia.org/wiki/Bhagam_Bhag""]","[""Do Anjaane Ajnabi, https://www.youtube.com/watch?v=tJuivqCGCpI"", ""Milan Abhi Aadha Adhura Hai, https://www.youtube.com/watch?v=bv5j1CUTVGM"", ""Hamari Shaadi Mein, https://www.youtube.com/watch?v=rY4y5FyNj4U"", ""Mujhe Haq Hai, https://www.youtube.com/watch?v=1J1BO6lGug4"", ""Crazy Kiya Re, https://www.youtube.com/watch?v=J2Bh68GTUOU"", ""Dil Laga Na, https://www.youtube.com/watch?v=gavPKwaMFyc"", ""Touch Me, https://www.youtube.com/watch?v=TWcSSDtSz0o"", ""Dhoom Again, https://www.youtube.com/watch?v=WGXmDsOwW4k""]"
20061224,"[""Bhagam Bhag, https://en.wikipedia.org/wiki/Bhagam_Bhag""]","[""Do Anjaane Ajnabi, https://www.youtube.com/watch?v=tJuivqCGCpI"", ""Milan Abhi Aadha Adhura Hai, https://www.youtube.com/watch?v=bv5j1CUTVGM"", ""Hamari Shaadi Mein, https://www.youtube.com/watch?v=rY4y5FyNj4U"", ""Mujhe Haq Hai, https://www.youtube.com/watch?v=1J1BO6lGug4"", ""Crazy Kiya Re, https://www.youtube.com/watch?v=J2Bh68GTUOU"", ""Dil Laga Na, https://www.youtube.com/watch?v=gavPKwaMFyc"", ""Touch Me, https://www.youtube.com/watch?v=TWcSSDtSz0o"", ""Dhoom Again, https://www.youtube.com/watch?v=WGXmDsOwW4k""]"
20061225,"[""Bhagam Bhag, https://en.wikipedia.org/wiki/Bhagam_Bhag""]","[""Do Anjaane Ajnabi, https://www.youtube.com/watch?v=tJuivqCGCpI"", ""Milan Abhi Aadha Adhura Hai, https://www.youtube.com/watch?v=bv5j1CUTVGM"", ""Hamari Shaadi Mein, https://www.youtube.com/watch?v=rY4y5FyNj4U"", ""Mujhe Haq Hai, https://www.youtube.com/watch?v=1J1BO6lGug4"", ""Crazy Kiya Re, https://www.youtube.com/watch?v=J2Bh68GTUOU"", ""Dil Laga Na, https://www.youtube.com/watch?v=gavPKwaMFyc"", ""Touch Me, https://www.youtube.com/watch?v=TWcSSDtSz0o"", ""Dhoom Again, https://www.youtube.com/watch?v=WGXmDsOwW4k""]"
20061226,"[""Bhagam Bhag, https://en.wikipedia.org/wiki/Bhagam_Bhag""]","[""Do Anjaane Ajnabi, https://www.youtube.com/watch?v=tJuivqCGCpI"", ""Milan Abhi Aadha Adhura Hai, https://www.youtube.com/watch?v=bv5j1CUTVGM"", ""Hamari Shaadi Mein, https://www.youtube.com/watch?v=rY4y5FyNj4U"", ""Mujhe Haq Hai, https://www.youtube.com/watch?v=1J1BO6lGug4"", ""Crazy Kiya Re, https://www.youtube.com/watch?v=J2Bh68GTUOU"", ""Dil Laga Na, https://www.youtube.com/watch?v=gavPKwaMFyc"", ""Touch Me, https://www.youtube.com/watch?v=TWcSSDtSz0o"", ""Dhoom Again, https://www.youtube.com/watch?v=WGXmDsOwW4k""]"
20061227,"[""Bhagam Bhag, https://en.wikipedia.org/wiki/Bhagam_Bhag""]","[""Do Anjaane Ajnabi, https://www.youtube.com/watch?v=tJuivqCGCpI"", ""Milan Abhi Aadha Adhura Hai, https://www.youtube.com/watch?v=bv5j1CUTVGM"", ""Hamari Shaadi Mein, https://www.youtube.com/watch?v=rY4y5FyNj4U"", ""Mujhe Haq Hai, https://www.youtube.com/watch?v=1J1BO6lGug4"", ""Crazy Kiya Re, https://www.youtube.com/watch?v=J2Bh68GTUOU"", ""Dil Laga Na, https://www.youtube.com/watch?v=gavPKwaMFyc"", ""Touch Me, https://www.youtube.com/watch?v=TWcSSDtSz0o"", ""Dhoom Again, https://www.youtube.com/watch?v=WGXmDsOwW4k""]"
20061228,"[""Bhagam Bhag, https://en.wikipedia.org/wiki/Bhagam_Bhag""]","[""Do Anjaane Ajnabi, https://www.youtube.com/watch?v=tJuivqCGCpI"", ""Milan Abhi Aadha Adhura Hai, https://www.youtube.com/watch?v=bv5j1CUTVGM"", ""Hamari Shaadi Mein, https://www.youtube.com/watch?v=rY4y5FyNj4U"", ""Mujhe Haq Hai, https://www.youtube.com/watch?v=1J1BO6lGug4"", ""Crazy Kiya Re, https://www.youtube.com/watch?v=J2Bh68GTUOU"", ""Dil Laga Na, https://www.youtube.com/watch?v=gavPKwaMFyc"", ""Touch Me, https://www.youtube.com/watch?v=TWcSSDtSz0o"", ""Dhoom Again, https://www.youtube.com/watch?v=WGXmDsOwW4k""]"
20061229,"[""Bhagam Bhag, https://en.wikipedia.org/wiki/Bhagam_Bhag""]","[""Do Anjaane Ajnabi, https://www.youtube.com/watch?v=tJuivqCGCpI"", ""Milan Abhi Aadha Adhura Hai, https://www.youtube.com/watch?v=bv5j1CUTVGM"", ""Hamari Shaadi Mein, https://www.youtube.com/watch?v=rY4y5FyNj4U"", ""Mujhe Haq Hai, https://www.youtube.com/watch?v=1J1BO6lGug4"", ""Crazy Kiya Re, https://www.youtube.com/watch?v=J2Bh68GTUOU"", ""Dil Laga Na, https://www.youtube.com/watch?v=gavPKwaMFyc"", ""Touch Me, https://www.youtube.com/watch?v=TWcSSDtSz0o"", ""Dhoom Again, https://www.youtube.com/watch?v=WGXmDsOwW4k""]"
20061230,"[""Bhagam Bhag, https://en.wikipedia.org/wiki/Bhagam_Bhag""]","[""Do Anjaane Ajnabi, https://www.youtube.com/watch?v=tJuivqCGCpI"", ""Milan Abhi Aadha Adhura Hai, https://www.youtube.com/watch?v=bv5j1CUTVGM"", ""Hamari Shaadi Mein, https://www.youtube.com/watch?v=rY4y5FyNj4U"", ""Mujhe Haq Hai, https://www.youtube.com/watch?v=1J1BO6lGug4"", ""Crazy Kiya Re, https://www.youtube.com/watch?v=J2Bh68GTUOU"", ""Dil Laga Na, https://www.youtube.com/watch?v=gavPKwaMFyc"", ""Touch Me, https://www.youtube.com/watch?v=TWcSSDtSz0o"", ""Dhoom Again, https://www.youtube.com/watch?v=WGXmDsOwW4k""]"
20061231,"[""Bhagam Bhag, https://en.wikipedia.org/wiki/Bhagam_Bhag""]","[""Do Anjaane Ajnabi, https://www.youtube.com/watch?v=tJuivqCGCpI"", ""Milan Abhi Aadha Adhura Hai, https://www.youtube.com/watch?v=bv5j1CUTVGM"", ""Hamari Shaadi Mein, https://www.youtube.com/watch?v=rY4y5FyNj4U"", ""Mujhe Haq Hai, https://www.youtube.com/watch?v=1J1BO6lGug4"", ""Crazy Kiya Re, https://www.youtube.com/watch?v=J2Bh68GTUOU"", ""Dil Laga Na, https://www.youtube.com/watch?v=gavPKwaMFyc"", ""Touch Me, https://www.youtube.com/watch?v=TWcSSDtSz0o"", ""Dhoom Again, https://www.youtube.com/watch?v=WGXmDsOwW4k""]"
